,date,label
0,2010-01-04,neutral
1,2010-01-05,neutral
2,2010-01-06,neutral
3,2010-01-07,neutral
4,2010-01-08,neutral
5,2010-01-11,neutral
6,2010-01-12,neutral
7,2010-01-13,neutral
8,2010-01-14,neutral
9,2010-01-15,neutral
10,2010-01-19,neutral
11,2010-01-20,neutral
12,2010-01-21,neutral
13,2010-01-22,neutral
14,2010-01-25,neutral
15,2010-01-26,neutral
16,2010-01-27,neutral
17,2010-01-28,neutral
18,2010-01-29,neutral
19,2010-02-01,neutral
20,2010-02-02,neutral
21,2010-02-03,neutral
22,2010-02-04,neutral
23,2010-02-05,neutral
24,2010-02-08,neutral
25,2010-02-09,neutral
26,2010-02-10,neutral
27,2010-02-11,neutral
28,2010-02-12,neutral
29,2010-02-16,neutral
30,2010-02-17,neutral
31,2010-02-18,neutral
32,2010-02-19,neutral
33,2010-02-22,neutral
34,2010-02-23,neutral
35,2010-02-24,neutral
36,2010-02-25,neutral
37,2010-02-26,neutral
38,2010-03-01,neutral
39,2010-03-02,neutral
40,2010-03-03,neutral
41,2010-03-04,neutral
42,2010-03-05,neutral
43,2010-03-08,neutral
44,2010-03-09,neutral
45,2010-03-10,neutral
46,2010-03-11,neutral
47,2010-03-12,neutral
48,2010-03-15,neutral
49,2010-03-16,neutral
50,2010-03-17,neutral
51,2010-03-18,neutral
52,2010-03-19,neutral
53,2010-03-22,neutral
54,2010-03-23,neutral
55,2010-03-24,neutral
56,2010-03-25,neutral
57,2010-03-26,neutral
58,2010-03-29,neutral
59,2010-03-30,neutral
60,2010-03-31,neutral
61,2010-04-01,neutral
62,2010-04-05,neutral
63,2010-04-06,neutral
64,2010-04-07,neutral
65,2010-04-08,neutral
66,2010-04-09,neutral
67,2010-04-12,neutral
68,2010-04-13,neutral
69,2010-04-14,neutral
70,2010-04-15,neutral
71,2010-04-16,neutral
72,2010-04-19,neutral
73,2010-04-20,neutral
74,2010-04-21,neutral
75,2010-04-22,neutral
76,2010-04-23,neutral
77,2010-04-26,neutral
78,2010-04-27,neutral
79,2010-04-28,neutral
80,2010-04-29,neutral
81,2010-04-30,neutral
82,2010-05-03,neutral
83,2010-05-04,neutral
84,2010-05-05,neutral
85,2010-05-06,neutral
86,2010-05-07,neutral
87,2010-05-10,neutral
88,2010-05-11,neutral
89,2010-05-12,neutral
90,2010-05-13,neutral
91,2010-05-14,neutral
92,2010-05-17,neutral
93,2010-05-18,neutral
94,2010-05-19,neutral
95,2010-05-20,neutral
96,2010-05-21,neutral
97,2010-05-24,neutral
98,2010-05-25,neutral
99,2010-05-26,neutral
100,2010-05-27,neutral
101,2010-05-28,neutral
102,2010-06-01,neutral
103,2010-06-02,neutral
104,2010-06-03,neutral
105,2010-06-04,neutral
106,2010-06-07,neutral
107,2010-06-08,neutral
108,2010-06-09,neutral
109,2010-06-10,neutral
110,2010-06-11,neutral
111,2010-06-14,neutral
112,2010-06-15,neutral
113,2010-06-16,neutral
114,2010-06-17,neutral
115,2010-06-18,neutral
116,2010-06-21,neutral
117,2010-06-22,neutral
118,2010-06-23,neutral
119,2010-06-24,neutral
120,2010-06-25,neutral
121,2010-06-28,neutral
122,2010-06-29,neutral
123,2010-06-30,neutral
124,2010-07-01,neutral
125,2010-07-02,neutral
126,2010-07-06,neutral
127,2010-07-07,neutral
128,2010-07-08,neutral
129,2010-07-09,neutral
130,2010-07-12,neutral
131,2010-07-13,neutral
132,2010-07-14,neutral
133,2010-07-15,neutral
134,2010-07-16,neutral
135,2010-07-19,neutral
136,2010-07-20,neutral
137,2010-07-21,neutral
138,2010-07-22,neutral
139,2010-07-23,neutral
140,2010-07-26,neutral
141,2010-07-27,neutral
142,2010-07-28,neutral
143,2010-07-29,neutral
144,2010-07-30,neutral
145,2010-08-02,neutral
146,2010-08-03,neutral
147,2010-08-04,neutral
148,2010-08-05,neutral
149,2010-08-06,neutral
150,2010-08-09,neutral
151,2010-08-10,neutral
152,2010-08-11,neutral
153,2010-08-12,neutral
154,2010-08-13,neutral
155,2010-08-16,neutral
156,2010-08-17,neutral
157,2010-08-18,neutral
158,2010-08-19,neutral
159,2010-08-20,neutral
160,2010-08-23,neutral
161,2010-08-24,neutral
162,2010-08-25,neutral
163,2010-08-26,neutral
164,2010-08-27,neutral
165,2010-08-30,neutral
166,2010-08-31,neutral
167,2010-09-01,neutral
168,2010-09-02,neutral
169,2010-09-03,neutral
170,2010-09-07,neutral
171,2010-09-08,neutral
172,2010-09-09,neutral
173,2010-09-10,neutral
174,2010-09-13,neutral
175,2010-09-14,neutral
176,2010-09-15,neutral
177,2010-09-16,neutral
178,2010-09-17,neutral
179,2010-09-20,neutral
180,2010-09-21,neutral
181,2010-09-22,neutral
182,2010-09-23,neutral
183,2010-09-24,neutral
184,2010-09-27,neutral
185,2010-09-28,neutral
186,2010-09-29,neutral
187,2010-09-30,neutral
188,2010-10-01,neutral
189,2010-10-04,neutral
190,2010-10-05,neutral
191,2010-10-06,neutral
192,2010-10-07,neutral
193,2010-10-08,neutral
194,2010-10-11,neutral
195,2010-10-12,neutral
196,2010-10-13,neutral
197,2010-10-14,neutral
198,2010-10-15,neutral
199,2010-10-18,bull
200,2010-10-19,neutral
201,2010-10-20,bull
202,2010-10-21,bull
203,2010-10-22,bull
204,2010-10-25,bull
205,2010-10-26,bull
206,2010-10-27,bull
207,2010-10-28,bull
208,2010-10-29,bull
209,2010-11-01,bull
210,2010-11-02,bull
211,2010-11-03,bull
212,2010-11-04,bull
213,2010-11-05,bull
214,2010-11-08,bull
215,2010-11-09,bull
216,2010-11-10,bull
217,2010-11-11,bull
218,2010-11-12,bull
219,2010-11-15,bull
220,2010-11-16,neutral
221,2010-11-17,neutral
222,2010-11-18,bull
223,2010-11-19,bull
224,2010-11-22,bull
225,2010-11-23,neutral
226,2010-11-24,bull
227,2010-11-26,bull
228,2010-11-29,neutral
229,2010-11-30,neutral
230,2010-12-01,bull
231,2010-12-02,bull
232,2010-12-03,bull
233,2010-12-06,bull
234,2010-12-07,bull
235,2010-12-08,bull
236,2010-12-09,bull
237,2010-12-10,bull
238,2010-12-13,bull
239,2010-12-14,bull
240,2010-12-15,bull
241,2010-12-16,bull
242,2010-12-17,bull
243,2010-12-20,bull
244,2010-12-21,bull
245,2010-12-22,bull
246,2010-12-23,bull
247,2010-12-27,bull
248,2010-12-28,bull
249,2010-12-29,bull
250,2010-12-30,bull
251,2010-12-31,bull
252,2011-01-03,bull
253,2011-01-04,bull
254,2011-01-05,bull
255,2011-01-06,bull
256,2011-01-07,bull
257,2011-01-10,bull
258,2011-01-11,bull
259,2011-01-12,bull
260,2011-01-13,bull
261,2011-01-14,bull
262,2011-01-18,bull
263,2011-01-19,bull
264,2011-01-20,bull
265,2011-01-21,bull
266,2011-01-24,bull
267,2011-01-25,bull
268,2011-01-26,bull
269,2011-01-27,bull
270,2011-01-28,bull
271,2011-01-31,bull
272,2011-02-01,bull
273,2011-02-02,bull
274,2011-02-03,bull
275,2011-02-04,bull
276,2011-02-07,bull
277,2011-02-08,bull
278,2011-02-09,bull
279,2011-02-10,bull
280,2011-02-11,bull
281,2011-02-14,bull
282,2011-02-15,bull
283,2011-02-16,bull
284,2011-02-17,bull
285,2011-02-18,bull
286,2011-02-22,bull
287,2011-02-23,bull
288,2011-02-24,bull
289,2011-02-25,bull
290,2011-02-28,bull
291,2011-03-01,bull
292,2011-03-02,bull
293,2011-03-03,bull
294,2011-03-04,bull
295,2011-03-07,bull
296,2011-03-08,bull
297,2011-03-09,bull
298,2011-03-10,bull
299,2011-03-11,bull
300,2011-03-14,bull
301,2011-03-15,bull
302,2011-03-16,bull
303,2011-03-17,bull
304,2011-03-18,bull
305,2011-03-21,bull
306,2011-03-22,bull
307,2011-03-23,bull
308,2011-03-24,bull
309,2011-03-25,bull
310,2011-03-28,bull
311,2011-03-29,bull
312,2011-03-30,bull
313,2011-03-31,bull
314,2011-04-01,bull
315,2011-04-04,bull
316,2011-04-05,bull
317,2011-04-06,bull
318,2011-04-07,bull
319,2011-04-08,bull
320,2011-04-11,bull
321,2011-04-12,bull
322,2011-04-13,bull
323,2011-04-14,bull
324,2011-04-15,bull
325,2011-04-18,bull
326,2011-04-19,bull
327,2011-04-20,bull
328,2011-04-21,bull
329,2011-04-25,bull
330,2011-04-26,bull
331,2011-04-27,bull
332,2011-04-28,bull
333,2011-04-29,bull
334,2011-05-02,bull
335,2011-05-03,bull
336,2011-05-04,bull
337,2011-05-05,bull
338,2011-05-06,bull
339,2011-05-09,bull
340,2011-05-10,bull
341,2011-05-11,bull
342,2011-05-12,bull
343,2011-05-13,bull
344,2011-05-16,bull
345,2011-05-17,bull
346,2011-05-18,bull
347,2011-05-19,bull
348,2011-05-20,bull
349,2011-05-23,bull
350,2011-05-24,bull
351,2011-05-25,bull
352,2011-05-26,bull
353,2011-05-27,bull
354,2011-05-31,bull
355,2011-06-01,bull
356,2011-06-02,bull
357,2011-06-03,neutral
358,2011-06-06,neutral
359,2011-06-07,neutral
360,2011-06-08,neutral
361,2011-06-09,neutral
362,2011-06-10,neutral
363,2011-06-13,neutral
364,2011-06-14,neutral
365,2011-06-15,neutral
366,2011-06-16,neutral
367,2011-06-17,neutral
368,2011-06-20,neutral
369,2011-06-21,neutral
370,2011-06-22,neutral
371,2011-06-23,neutral
372,2011-06-24,neutral
373,2011-06-27,neutral
374,2011-06-28,neutral
375,2011-06-29,neutral
376,2011-06-30,neutral
377,2011-07-01,bull
378,2011-07-05,bull
379,2011-07-06,bull
380,2011-07-07,bull
381,2011-07-08,bull
382,2011-07-11,neutral
383,2011-07-12,neutral
384,2011-07-13,neutral
385,2011-07-14,neutral
386,2011-07-15,neutral
387,2011-07-18,neutral
388,2011-07-19,neutral
389,2011-07-20,neutral
390,2011-07-21,neutral
391,2011-07-22,neutral
392,2011-07-25,neutral
393,2011-07-26,neutral
394,2011-07-27,neutral
395,2011-07-28,neutral
396,2011-07-29,neutral
397,2011-08-01,neutral
398,2011-08-02,neutral
399,2011-08-03,neutral
400,2011-08-04,bear
401,2011-08-05,bear
402,2011-08-08,bear
403,2011-08-09,bear
404,2011-08-10,bear
405,2011-08-11,bear
406,2011-08-12,bear
407,2011-08-15,bear
408,2011-08-16,bear
409,2011-08-17,bear
410,2011-08-18,bear
411,2011-08-19,bear
412,2011-08-22,bear
413,2011-08-23,bear
414,2011-08-24,bear
415,2011-08-25,bear
416,2011-08-26,bear
417,2011-08-29,bear
418,2011-08-30,bear
419,2011-08-31,bear
420,2011-09-01,bear
421,2011-09-02,bear
422,2011-09-06,bear
423,2011-09-07,bear
424,2011-09-08,bear
425,2011-09-09,bear
426,2011-09-12,bear
427,2011-09-13,bear
428,2011-09-14,bear
429,2011-09-15,bear
430,2011-09-16,bear
431,2011-09-19,bear
432,2011-09-20,bear
433,2011-09-21,bear
434,2011-09-22,bear
435,2011-09-23,bear
436,2011-09-26,bear
437,2011-09-27,bear
438,2011-09-28,bear
439,2011-09-29,bear
440,2011-09-30,bear
441,2011-10-03,bear
442,2011-10-04,bear
443,2011-10-05,bear
444,2011-10-06,bear
445,2011-10-07,bear
446,2011-10-10,bear
447,2011-10-11,bear
448,2011-10-12,bear
449,2011-10-13,bear
450,2011-10-14,neutral
451,2011-10-17,bear
452,2011-10-18,neutral
453,2011-10-19,bear
454,2011-10-20,neutral
455,2011-10-21,neutral
456,2011-10-24,neutral
457,2011-10-25,neutral
458,2011-10-26,neutral
459,2011-10-27,neutral
460,2011-10-28,neutral
461,2011-10-31,neutral
462,2011-11-01,neutral
463,2011-11-02,neutral
464,2011-11-03,neutral
465,2011-11-04,neutral
466,2011-11-07,neutral
467,2011-11-08,neutral
468,2011-11-09,neutral
469,2011-11-10,neutral
470,2011-11-11,neutral
471,2011-11-14,neutral
472,2011-11-15,neutral
473,2011-11-16,neutral
474,2011-11-17,neutral
475,2011-11-18,neutral
476,2011-11-21,bear
477,2011-11-22,bear
478,2011-11-23,bear
479,2011-11-25,bear
480,2011-11-28,bear
481,2011-11-29,bear
482,2011-11-30,neutral
483,2011-12-01,neutral
484,2011-12-02,neutral
485,2011-12-05,neutral
486,2011-12-06,neutral
487,2011-12-07,neutral
488,2011-12-08,neutral
489,2011-12-09,neutral
490,2011-12-12,neutral
491,2011-12-13,neutral
492,2011-12-14,neutral
493,2011-12-15,neutral
494,2011-12-16,neutral
495,2011-12-19,neutral
496,2011-12-20,neutral
497,2011-12-21,neutral
498,2011-12-22,neutral
499,2011-12-23,neutral
500,2011-12-27,neutral
501,2011-12-28,neutral
502,2011-12-29,neutral
503,2011-12-30,neutral
504,2012-01-03,neutral
505,2012-01-04,neutral
506,2012-01-05,neutral
507,2012-01-06,neutral
508,2012-01-09,neutral
509,2012-01-10,neutral
510,2012-01-11,neutral
511,2012-01-12,neutral
512,2012-01-13,neutral
513,2012-01-17,neutral
514,2012-01-18,neutral
515,2012-01-19,neutral
516,2012-01-20,neutral
517,2012-01-23,neutral
518,2012-01-24,neutral
519,2012-01-25,bull
520,2012-01-26,neutral
521,2012-01-27,neutral
522,2012-01-30,neutral
523,2012-01-31,neutral
524,2012-02-01,bull
525,2012-02-02,bull
526,2012-02-03,bull
527,2012-02-06,bull
528,2012-02-07,bull
529,2012-02-08,bull
530,2012-02-09,bull
531,2012-02-10,bull
532,2012-02-13,bull
533,2012-02-14,bull
534,2012-02-15,bull
535,2012-02-16,bull
536,2012-02-17,bull
537,2012-02-21,bull
538,2012-02-22,bull
539,2012-02-23,bull
540,2012-02-24,bull
541,2012-02-27,bull
542,2012-02-28,bull
543,2012-02-29,bull
544,2012-03-01,bull
545,2012-03-02,bull
546,2012-03-05,bull
547,2012-03-06,bull
548,2012-03-07,bull
549,2012-03-08,bull
550,2012-03-09,bull
551,2012-03-12,bull
552,2012-03-13,bull
553,2012-03-14,bull
554,2012-03-15,bull
555,2012-03-16,bull
556,2012-03-19,bull
557,2012-03-20,bull
558,2012-03-21,bull
559,2012-03-22,bull
560,2012-03-23,bull
561,2012-03-26,bull
562,2012-03-27,bull
563,2012-03-28,bull
564,2012-03-29,bull
565,2012-03-30,bull
566,2012-04-02,bull
567,2012-04-03,bull
568,2012-04-04,bull
569,2012-04-05,bull
570,2012-04-09,bull
571,2012-04-10,bull
572,2012-04-11,bull
573,2012-04-12,bull
574,2012-04-13,bull
575,2012-04-16,bull
576,2012-04-17,bull
577,2012-04-18,bull
578,2012-04-19,bull
579,2012-04-20,bull
580,2012-04-23,bull
581,2012-04-24,bull
582,2012-04-25,bull
583,2012-04-26,bull
584,2012-04-27,bull
585,2012-04-30,bull
586,2012-05-01,bull
587,2012-05-02,bull
588,2012-05-03,bull
589,2012-05-04,bull
590,2012-05-07,bull
591,2012-05-08,bull
592,2012-05-09,bull
593,2012-05-10,bull
594,2012-05-11,bull
595,2012-05-14,neutral
596,2012-05-15,neutral
597,2012-05-16,neutral
598,2012-05-17,neutral
599,2012-05-18,neutral
600,2012-05-21,neutral
601,2012-05-22,neutral
602,2012-05-23,neutral
603,2012-05-24,neutral
604,2012-05-25,neutral
605,2012-05-29,neutral
606,2012-05-30,neutral
607,2012-05-31,neutral
608,2012-06-01,neutral
609,2012-06-04,neutral
610,2012-06-05,neutral
611,2012-06-06,neutral
612,2012-06-07,neutral
613,2012-06-08,neutral
614,2012-06-11,neutral
615,2012-06-12,neutral
616,2012-06-13,neutral
617,2012-06-14,neutral
618,2012-06-15,neutral
619,2012-06-18,neutral
620,2012-06-19,bull
621,2012-06-20,neutral
622,2012-06-21,neutral
623,2012-06-22,neutral
624,2012-06-25,neutral
625,2012-06-26,neutral
626,2012-06-27,neutral
627,2012-06-28,neutral
628,2012-06-29,neutral
629,2012-07-02,bull
630,2012-07-03,bull
631,2012-07-05,bull
632,2012-07-06,neutral
633,2012-07-09,neutral
634,2012-07-10,neutral
635,2012-07-11,neutral
636,2012-07-12,neutral
637,2012-07-13,neutral
638,2012-07-16,neutral
639,2012-07-17,neutral
640,2012-07-18,neutral
641,2012-07-19,neutral
642,2012-07-20,neutral
643,2012-07-23,neutral
644,2012-07-24,neutral
645,2012-07-25,neutral
646,2012-07-26,neutral
647,2012-07-27,bull
648,2012-07-30,bull
649,2012-07-31,neutral
650,2012-08-01,neutral
651,2012-08-02,neutral
652,2012-08-03,bull
653,2012-08-06,bull
654,2012-08-07,bull
655,2012-08-08,bull
656,2012-08-09,bull
657,2012-08-10,bull
658,2012-08-13,bull
659,2012-08-14,bull
660,2012-08-15,bull
661,2012-08-16,bull
662,2012-08-17,bull
663,2012-08-20,bull
664,2012-08-21,bull
665,2012-08-22,bull
666,2012-08-23,bull
667,2012-08-24,bull
668,2012-08-27,bull
669,2012-08-28,bull
670,2012-08-29,bull
671,2012-08-30,neutral
672,2012-08-31,bull
673,2012-09-04,neutral
674,2012-09-05,neutral
675,2012-09-06,bull
676,2012-09-07,bull
677,2012-09-10,bull
678,2012-09-11,bull
679,2012-09-12,bull
680,2012-09-13,bull
681,2012-09-14,bull
682,2012-09-17,bull
683,2012-09-18,bull
684,2012-09-19,bull
685,2012-09-20,bull
686,2012-09-21,bull
687,2012-09-24,bull
688,2012-09-25,bull
689,2012-09-26,bull
690,2012-09-27,bull
691,2012-09-28,bull
692,2012-10-01,bull
693,2012-10-02,bull
694,2012-10-03,bull
695,2012-10-04,bull
696,2012-10-05,bull
697,2012-10-08,bull
698,2012-10-09,bull
699,2012-10-10,neutral
700,2012-10-11,neutral
701,2012-10-12,neutral
702,2012-10-15,bull
703,2012-10-16,bull
704,2012-10-17,bull
705,2012-10-18,bull
706,2012-10-19,neutral
707,2012-10-22,neutral
708,2012-10-23,neutral
709,2012-10-24,neutral
710,2012-10-25,neutral
711,2012-10-26,neutral
712,2012-10-31,neutral
713,2012-11-01,neutral
714,2012-11-02,neutral
715,2012-11-05,neutral
716,2012-11-06,neutral
717,2012-11-07,neutral
718,2012-11-08,neutral
719,2012-11-09,neutral
720,2012-11-12,neutral
721,2012-11-13,neutral
722,2012-11-14,neutral
723,2012-11-15,neutral
724,2012-11-16,neutral
725,2012-11-19,neutral
726,2012-11-20,neutral
727,2012-11-21,neutral
728,2012-11-23,neutral
729,2012-11-26,neutral
730,2012-11-27,neutral
731,2012-11-28,neutral
732,2012-11-29,neutral
733,2012-11-30,neutral
734,2012-12-03,neutral
735,2012-12-04,neutral
736,2012-12-05,neutral
737,2012-12-06,neutral
738,2012-12-07,neutral
739,2012-12-10,neutral
740,2012-12-11,neutral
741,2012-12-12,neutral
742,2012-12-13,neutral
743,2012-12-14,neutral
744,2012-12-17,neutral
745,2012-12-18,neutral
746,2012-12-19,neutral
747,2012-12-20,neutral
748,2012-12-21,neutral
749,2012-12-24,neutral
750,2012-12-26,neutral
751,2012-12-27,neutral
752,2012-12-28,neutral
753,2012-12-31,neutral
754,2013-01-02,bull
755,2013-01-03,neutral
756,2013-01-04,bull
757,2013-01-07,bull
758,2013-01-08,neutral
759,2013-01-09,neutral
760,2013-01-10,bull
761,2013-01-11,bull
762,2013-01-14,bull
763,2013-01-15,bull
764,2013-01-16,bull
765,2013-01-17,bull
766,2013-01-18,bull
767,2013-01-22,bull
768,2013-01-23,bull
769,2013-01-24,bull
770,2013-01-25,bull
771,2013-01-28,bull
772,2013-01-29,bull
773,2013-01-30,bull
774,2013-01-31,bull
775,2013-02-01,bull
776,2013-02-04,bull
777,2013-02-05,bull
778,2013-02-06,bull
779,2013-02-07,bull
780,2013-02-08,bull
781,2013-02-11,bull
782,2013-02-12,bull
783,2013-02-13,bull
784,2013-02-14,bull
785,2013-02-15,bull
786,2013-02-19,bull
787,2013-02-20,bull
788,2013-02-21,bull
789,2013-02-22,bull
790,2013-02-25,bull
791,2013-02-26,bull
792,2013-02-27,bull
793,2013-02-28,bull
794,2013-03-01,bull
795,2013-03-04,bull
796,2013-03-05,bull
797,2013-03-06,bull
798,2013-03-07,bull
799,2013-03-08,bull
800,2013-03-11,bull
801,2013-03-12,bull
802,2013-03-13,bull
803,2013-03-14,bull
804,2013-03-15,bull
805,2013-03-18,bull
806,2013-03-19,bull
807,2013-03-20,bull
808,2013-03-21,bull
809,2013-03-22,bull
810,2013-03-25,bull
811,2013-03-26,bull
812,2013-03-27,bull
813,2013-03-28,bull
814,2013-04-01,bull
815,2013-04-02,bull
816,2013-04-03,bull
817,2013-04-04,bull
818,2013-04-05,bull
819,2013-04-08,bull
820,2013-04-09,bull
821,2013-04-10,bull
822,2013-04-11,bull
823,2013-04-12,bull
824,2013-04-15,bull
825,2013-04-16,bull
826,2013-04-17,bull
827,2013-04-18,bull
828,2013-04-19,bull
829,2013-04-22,bull
830,2013-04-23,bull
831,2013-04-24,bull
832,2013-04-25,bull
833,2013-04-26,bull
834,2013-04-29,bull
835,2013-04-30,bull
836,2013-05-01,bull
837,2013-05-02,bull
838,2013-05-03,bull
839,2013-05-06,bull
840,2013-05-07,bull
841,2013-05-08,bull
842,2013-05-09,bull
843,2013-05-10,bull
844,2013-05-13,bull
845,2013-05-14,bull
846,2013-05-15,bull
847,2013-05-16,bull
848,2013-05-17,bull
849,2013-05-20,bull
850,2013-05-21,bull
851,2013-05-22,bull
852,2013-05-23,bull
853,2013-05-24,bull
854,2013-05-28,bull
855,2013-05-29,bull
856,2013-05-30,bull
857,2013-05-31,bull
858,2013-06-03,bull
859,2013-06-04,bull
860,2013-06-05,bull
861,2013-06-06,bull
862,2013-06-07,bull
863,2013-06-10,bull
864,2013-06-11,bull
865,2013-06-12,bull
866,2013-06-13,bull
867,2013-06-14,bull
868,2013-06-17,bull
869,2013-06-18,bull
870,2013-06-19,bull
871,2013-06-20,bull
872,2013-06-21,bull
873,2013-06-24,neutral
874,2013-06-25,bull
875,2013-06-26,bull
876,2013-06-27,bull
877,2013-06-28,bull
878,2013-07-01,bull
879,2013-07-02,bull
880,2013-07-03,bull
881,2013-07-05,bull
882,2013-07-08,bull
883,2013-07-09,bull
884,2013-07-10,bull
885,2013-07-11,bull
886,2013-07-12,bull
887,2013-07-15,bull
888,2013-07-16,bull
889,2013-07-17,bull
890,2013-07-18,bull
891,2013-07-19,bull
892,2013-07-22,bull
893,2013-07-23,bull
894,2013-07-24,bull
895,2013-07-25,bull
896,2013-07-26,bull
897,2013-07-29,bull
898,2013-07-30,bull
899,2013-07-31,bull
900,2013-08-01,bull
901,2013-08-02,bull
902,2013-08-05,bull
903,2013-08-06,bull
904,2013-08-07,bull
905,2013-08-08,bull
906,2013-08-09,bull
907,2013-08-12,bull
908,2013-08-13,bull
909,2013-08-14,bull
910,2013-08-15,bull
911,2013-08-16,bull
912,2013-08-19,bull
913,2013-08-20,bull
914,2013-08-21,bull
915,2013-08-22,bull
916,2013-08-23,bull
917,2013-08-26,bull
918,2013-08-27,neutral
919,2013-08-28,neutral
920,2013-08-29,neutral
921,2013-08-30,neutral
922,2013-09-03,neutral
923,2013-09-04,bull
924,2013-09-05,bull
925,2013-09-06,bull
926,2013-09-09,bull
927,2013-09-10,bull
928,2013-09-11,bull
929,2013-09-12,bull
930,2013-09-13,bull
931,2013-09-16,bull
932,2013-09-17,bull
933,2013-09-18,bull
934,2013-09-19,bull
935,2013-09-20,bull
936,2013-09-23,bull
937,2013-09-24,bull
938,2013-09-25,bull
939,2013-09-26,bull
940,2013-09-27,bull
941,2013-09-30,bull
942,2013-10-01,bull
943,2013-10-02,bull
944,2013-10-03,bull
945,2013-10-04,bull
946,2013-10-07,neutral
947,2013-10-08,neutral
948,2013-10-09,neutral
949,2013-10-10,bull
950,2013-10-11,bull
951,2013-10-14,bull
952,2013-10-15,bull
953,2013-10-16,bull
954,2013-10-17,bull
955,2013-10-18,bull
956,2013-10-21,bull
957,2013-10-22,bull
958,2013-10-23,bull
959,2013-10-24,bull
960,2013-10-25,bull
961,2013-10-28,bull
962,2013-10-29,bull
963,2013-10-30,bull
964,2013-10-31,bull
965,2013-11-01,bull
966,2013-11-04,bull
967,2013-11-05,bull
968,2013-11-06,bull
969,2013-11-07,bull
970,2013-11-08,bull
971,2013-11-11,bull
972,2013-11-12,bull
973,2013-11-13,bull
974,2013-11-14,bull
975,2013-11-15,bull
976,2013-11-18,bull
977,2013-11-19,bull
978,2013-11-20,bull
979,2013-11-21,bull
980,2013-11-22,bull
981,2013-11-25,bull
982,2013-11-26,bull
983,2013-11-27,bull
984,2013-11-29,bull
985,2013-12-02,bull
986,2013-12-03,bull
987,2013-12-04,bull
988,2013-12-05,bull
989,2013-12-06,bull
990,2013-12-09,bull
991,2013-12-10,bull
992,2013-12-11,bull
993,2013-12-12,bull
994,2013-12-13,bull
995,2013-12-16,bull
996,2013-12-17,bull
997,2013-12-18,bull
998,2013-12-19,bull
999,2013-12-20,bull
1000,2013-12-23,bull
1001,2013-12-24,bull
1002,2013-12-26,bull
1003,2013-12-27,bull
1004,2013-12-30,bull
1005,2013-12-31,bull
1006,2014-01-02,bull
1007,2014-01-03,bull
1008,2014-01-06,bull
1009,2014-01-07,bull
1010,2014-01-08,bull
1011,2014-01-09,bull
1012,2014-01-10,bull
1013,2014-01-13,bull
1014,2014-01-14,bull
1015,2014-01-15,bull
1016,2014-01-16,bull
1017,2014-01-17,bull
1018,2014-01-21,bull
1019,2014-01-22,bull
1020,2014-01-23,bull
1021,2014-01-24,bull
1022,2014-01-27,neutral
1023,2014-01-28,bull
1024,2014-01-29,neutral
1025,2014-01-30,bull
1026,2014-01-31,neutral
1027,2014-02-03,neutral
1028,2014-02-04,neutral
1029,2014-02-05,neutral
1030,2014-02-06,neutral
1031,2014-02-07,neutral
1032,2014-02-10,bull
1033,2014-02-11,bull
1034,2014-02-12,bull
1035,2014-02-13,bull
1036,2014-02-14,bull
1037,2014-02-18,bull
1038,2014-02-19,bull
1039,2014-02-20,bull
1040,2014-02-21,bull
1041,2014-02-24,bull
1042,2014-02-25,bull
1043,2014-02-26,bull
1044,2014-02-27,bull
1045,2014-02-28,bull
1046,2014-03-03,bull
1047,2014-03-04,bull
1048,2014-03-05,bull
1049,2014-03-06,bull
1050,2014-03-07,bull
1051,2014-03-10,bull
1052,2014-03-11,bull
1053,2014-03-12,bull
1054,2014-03-13,bull
1055,2014-03-14,bull
1056,2014-03-17,bull
1057,2014-03-18,bull
1058,2014-03-19,bull
1059,2014-03-20,bull
1060,2014-03-21,bull
1061,2014-03-24,bull
1062,2014-03-25,bull
1063,2014-03-26,bull
1064,2014-03-27,bull
1065,2014-03-28,bull
1066,2014-03-31,bull
1067,2014-04-01,bull
1068,2014-04-02,bull
1069,2014-04-03,bull
1070,2014-04-04,bull
1071,2014-04-07,bull
1072,2014-04-08,bull
1073,2014-04-09,bull
1074,2014-04-10,neutral
1075,2014-04-11,neutral
1076,2014-04-14,neutral
1077,2014-04-15,neutral
1078,2014-04-16,bull
1079,2014-04-17,bull
1080,2014-04-21,bull
1081,2014-04-22,bull
1082,2014-04-23,bull
1083,2014-04-24,bull
1084,2014-04-25,bull
1085,2014-04-28,bull
1086,2014-04-29,bull
1087,2014-04-30,bull
1088,2014-05-01,bull
1089,2014-05-02,bull
1090,2014-05-05,bull
1091,2014-05-06,neutral
1092,2014-05-07,bull
1093,2014-05-08,bull
1094,2014-05-09,bull
1095,2014-05-12,bull
1096,2014-05-13,bull
1097,2014-05-14,bull
1098,2014-05-15,neutral
1099,2014-05-16,bull
1100,2014-05-19,bull
1101,2014-05-20,neutral
1102,2014-05-21,bull
1103,2014-05-22,bull
1104,2014-05-23,bull
1105,2014-05-27,bull
1106,2014-05-28,bull
1107,2014-05-29,bull
1108,2014-05-30,bull
1109,2014-06-02,bull
1110,2014-06-03,bull
1111,2014-06-04,bull
1112,2014-06-05,bull
1113,2014-06-06,bull
1114,2014-06-09,bull
1115,2014-06-10,bull
1116,2014-06-11,bull
1117,2014-06-12,bull
1118,2014-06-13,bull
1119,2014-06-16,bull
1120,2014-06-17,bull
1121,2014-06-18,bull
1122,2014-06-19,bull
1123,2014-06-20,bull
1124,2014-06-23,bull
1125,2014-06-24,bull
1126,2014-06-25,bull
1127,2014-06-26,bull
1128,2014-06-27,bull
1129,2014-06-30,bull
1130,2014-07-01,bull
1131,2014-07-02,bull
1132,2014-07-03,bull
1133,2014-07-07,bull
1134,2014-07-08,bull
1135,2014-07-09,bull
1136,2014-07-10,bull
1137,2014-07-11,bull
1138,2014-07-14,bull
1139,2014-07-15,bull
1140,2014-07-16,bull
1141,2014-07-17,bull
1142,2014-07-18,bull
1143,2014-07-21,bull
1144,2014-07-22,bull
1145,2014-07-23,bull
1146,2014-07-24,bull
1147,2014-07-25,bull
1148,2014-07-28,bull
1149,2014-07-29,bull
1150,2014-07-30,bull
1151,2014-07-31,neutral
1152,2014-08-01,neutral
1153,2014-08-04,neutral
1154,2014-08-05,neutral
1155,2014-08-06,neutral
1156,2014-08-07,neutral
1157,2014-08-08,neutral
1158,2014-08-11,neutral
1159,2014-08-12,neutral
1160,2014-08-13,neutral
1161,2014-08-14,neutral
1162,2014-08-15,neutral
1163,2014-08-18,bull
1164,2014-08-19,bull
1165,2014-08-20,bull
1166,2014-08-21,bull
1167,2014-08-22,bull
1168,2014-08-25,bull
1169,2014-08-26,bull
1170,2014-08-27,bull
1171,2014-08-28,bull
1172,2014-08-29,bull
1173,2014-09-02,bull
1174,2014-09-03,bull
1175,2014-09-04,bull
1176,2014-09-05,bull
1177,2014-09-08,bull
1178,2014-09-09,bull
1179,2014-09-10,bull
1180,2014-09-11,bull
1181,2014-09-12,bull
1182,2014-09-15,bull
1183,2014-09-16,bull
1184,2014-09-17,bull
1185,2014-09-18,bull
1186,2014-09-19,bull
1187,2014-09-22,bull
1188,2014-09-23,neutral
1189,2014-09-24,bull
1190,2014-09-25,neutral
1191,2014-09-26,neutral
1192,2014-09-29,neutral
1193,2014-09-30,neutral
1194,2014-10-01,neutral
1195,2014-10-02,neutral
1196,2014-10-03,neutral
1197,2014-10-06,neutral
1198,2014-10-07,neutral
1199,2014-10-08,neutral
1200,2014-10-09,neutral
1201,2014-10-10,neutral
1202,2014-10-13,neutral
1203,2014-10-14,neutral
1204,2014-10-15,neutral
1205,2014-10-16,neutral
1206,2014-10-17,neutral
1207,2014-10-20,neutral
1208,2014-10-21,neutral
1209,2014-10-22,neutral
1210,2014-10-23,neutral
1211,2014-10-24,neutral
1212,2014-10-27,neutral
1213,2014-10-28,neutral
1214,2014-10-29,neutral
1215,2014-10-30,neutral
1216,2014-10-31,bull
1217,2014-11-03,bull
1218,2014-11-04,bull
1219,2014-11-05,bull
1220,2014-11-06,bull
1221,2014-11-07,bull
1222,2014-11-10,bull
1223,2014-11-11,bull
1224,2014-11-12,bull
1225,2014-11-13,bull
1226,2014-11-14,bull
1227,2014-11-17,bull
1228,2014-11-18,bull
1229,2014-11-19,bull
1230,2014-11-20,bull
1231,2014-11-21,bull
1232,2014-11-24,bull
1233,2014-11-25,bull
1234,2014-11-26,bull
1235,2014-11-28,bull
1236,2014-12-01,bull
1237,2014-12-02,bull
1238,2014-12-03,bull
1239,2014-12-04,bull
1240,2014-12-05,bull
1241,2014-12-08,bull
1242,2014-12-09,bull
1243,2014-12-10,neutral
1244,2014-12-11,neutral
1245,2014-12-12,neutral
1246,2014-12-15,neutral
1247,2014-12-16,neutral
1248,2014-12-17,neutral
1249,2014-12-18,bull
1250,2014-12-19,bull
1251,2014-12-22,bull
1252,2014-12-23,bull
1253,2014-12-24,bull
1254,2014-12-26,bull
1255,2014-12-29,bull
1256,2014-12-30,bull
1257,2014-12-31,bull
1258,2015-01-02,bull
1259,2015-01-05,neutral
1260,2015-01-06,neutral
1261,2015-01-07,neutral
1262,2015-01-08,bull
1263,2015-01-09,neutral
1264,2015-01-12,neutral
1265,2015-01-13,neutral
1266,2015-01-14,neutral
1267,2015-01-15,neutral
1268,2015-01-16,neutral
1269,2015-01-20,neutral
1270,2015-01-21,neutral
1271,2015-01-22,neutral
1272,2015-01-23,neutral
1273,2015-01-26,neutral
1274,2015-01-27,neutral
1275,2015-01-28,neutral
1276,2015-01-29,neutral
1277,2015-01-30,neutral
1278,2015-02-02,neutral
1279,2015-02-03,neutral
1280,2015-02-04,neutral
1281,2015-02-05,neutral
1282,2015-02-06,neutral
1283,2015-02-09,neutral
1284,2015-02-10,neutral
1285,2015-02-11,neutral
1286,2015-02-12,bull
1287,2015-02-13,bull
1288,2015-02-17,bull
1289,2015-02-18,bull
1290,2015-02-19,bull
1291,2015-02-20,bull
1292,2015-02-23,bull
1293,2015-02-24,bull
1294,2015-02-25,bull
1295,2015-02-26,bull
1296,2015-02-27,bull
1297,2015-03-02,bull
1298,2015-03-03,bull
1299,2015-03-04,bull
1300,2015-03-05,bull
1301,2015-03-06,neutral
1302,2015-03-09,neutral
1303,2015-03-10,neutral
1304,2015-03-11,neutral
1305,2015-03-12,neutral
1306,2015-03-13,neutral
1307,2015-03-16,neutral
1308,2015-03-17,neutral
1309,2015-03-18,neutral
1310,2015-03-19,neutral
1311,2015-03-20,bull
1312,2015-03-23,neutral
1313,2015-03-24,neutral
1314,2015-03-25,neutral
1315,2015-03-26,neutral
1316,2015-03-27,neutral
1317,2015-03-30,neutral
1318,2015-03-31,neutral
1319,2015-04-01,neutral
1320,2015-04-02,neutral
1321,2015-04-06,neutral
1322,2015-04-07,neutral
1323,2015-04-08,neutral
1324,2015-04-09,neutral
1325,2015-04-10,neutral
1326,2015-04-13,neutral
1327,2015-04-14,neutral
1328,2015-04-15,neutral
1329,2015-04-16,neutral
1330,2015-04-17,neutral
1331,2015-04-20,neutral
1332,2015-04-21,neutral
1333,2015-04-22,neutral
1334,2015-04-23,neutral
1335,2015-04-24,neutral
1336,2015-04-27,neutral
1337,2015-04-28,neutral
1338,2015-04-29,neutral
1339,2015-04-30,neutral
1340,2015-05-01,neutral
1341,2015-05-04,neutral
1342,2015-05-05,neutral
1343,2015-05-06,neutral
1344,2015-05-07,neutral
1345,2015-05-08,neutral
1346,2015-05-11,neutral
1347,2015-05-12,neutral
1348,2015-05-13,neutral
1349,2015-05-14,neutral
1350,2015-05-15,neutral
1351,2015-05-18,neutral
1352,2015-05-19,neutral
1353,2015-05-20,neutral
1354,2015-05-21,neutral
1355,2015-05-22,neutral
1356,2015-05-26,neutral
1357,2015-05-27,neutral
1358,2015-05-28,neutral
1359,2015-05-29,neutral
1360,2015-06-01,neutral
1361,2015-06-02,neutral
1362,2015-06-03,neutral
1363,2015-06-04,neutral
1364,2015-06-05,neutral
1365,2015-06-08,neutral
1366,2015-06-09,neutral
1367,2015-06-10,neutral
1368,2015-06-11,neutral
1369,2015-06-12,neutral
1370,2015-06-15,neutral
1371,2015-06-16,neutral
1372,2015-06-17,neutral
1373,2015-06-18,neutral
1374,2015-06-19,neutral
1375,2015-06-22,neutral
1376,2015-06-23,neutral
1377,2015-06-24,neutral
1378,2015-06-25,neutral
1379,2015-06-26,neutral
1380,2015-06-29,neutral
1381,2015-06-30,neutral
1382,2015-07-01,neutral
1383,2015-07-02,neutral
1384,2015-07-06,neutral
1385,2015-07-07,neutral
1386,2015-07-08,neutral
1387,2015-07-09,neutral
1388,2015-07-10,neutral
1389,2015-07-13,neutral
1390,2015-07-14,neutral
1391,2015-07-15,neutral
1392,2015-07-16,neutral
1393,2015-07-17,neutral
1394,2015-07-20,neutral
1395,2015-07-21,neutral
1396,2015-07-22,neutral
1397,2015-07-23,neutral
1398,2015-07-24,neutral
1399,2015-07-27,neutral
1400,2015-07-28,neutral
1401,2015-07-29,neutral
1402,2015-07-30,neutral
1403,2015-07-31,neutral
1404,2015-08-03,neutral
1405,2015-08-04,neutral
1406,2015-08-05,neutral
1407,2015-08-06,neutral
1408,2015-08-07,neutral
1409,2015-08-10,neutral
1410,2015-08-11,neutral
1411,2015-08-12,neutral
1412,2015-08-13,neutral
1413,2015-08-14,neutral
1414,2015-08-17,neutral
1415,2015-08-18,neutral
1416,2015-08-19,neutral
1417,2015-08-20,neutral
1418,2015-08-21,bear
1419,2015-08-24,bear
1420,2015-08-25,bear
1421,2015-08-26,bear
1422,2015-08-27,neutral
1423,2015-08-28,neutral
1424,2015-08-31,neutral
1425,2015-09-01,bear
1426,2015-09-02,bear
1427,2015-09-03,bear
1428,2015-09-04,bear
1429,2015-09-08,neutral
1430,2015-09-09,bear
1431,2015-09-10,bear
1432,2015-09-11,bear
1433,2015-09-14,bear
1434,2015-09-15,neutral
1435,2015-09-16,neutral
1436,2015-09-17,neutral
1437,2015-09-18,bear
1438,2015-09-21,neutral
1439,2015-09-22,bear
1440,2015-09-23,bear
1441,2015-09-24,bear
1442,2015-09-25,bear
1443,2015-09-28,bear
1444,2015-09-29,bear
1445,2015-09-30,bear
1446,2015-10-01,bear
1447,2015-10-02,bear
1448,2015-10-05,neutral
1449,2015-10-06,neutral
1450,2015-10-07,neutral
1451,2015-10-08,neutral
1452,2015-10-09,neutral
1453,2015-10-12,neutral
1454,2015-10-13,neutral
1455,2015-10-14,neutral
1456,2015-10-15,neutral
1457,2015-10-16,neutral
1458,2015-10-19,neutral
1459,2015-10-20,neutral
1460,2015-10-21,neutral
1461,2015-10-22,neutral
1462,2015-10-23,neutral
1463,2015-10-26,neutral
1464,2015-10-27,neutral
1465,2015-10-28,neutral
1466,2015-10-29,neutral
1467,2015-10-30,neutral
1468,2015-11-02,neutral
1469,2015-11-03,neutral
1470,2015-11-04,neutral
1471,2015-11-05,neutral
1472,2015-11-06,neutral
1473,2015-11-09,neutral
1474,2015-11-10,neutral
1475,2015-11-11,neutral
1476,2015-11-12,neutral
1477,2015-11-13,neutral
1478,2015-11-16,neutral
1479,2015-11-17,neutral
1480,2015-11-18,neutral
1481,2015-11-19,neutral
1482,2015-11-20,neutral
1483,2015-11-23,neutral
1484,2015-11-24,neutral
1485,2015-11-25,neutral
1486,2015-11-27,neutral
1487,2015-11-30,neutral
1488,2015-12-01,neutral
1489,2015-12-02,neutral
1490,2015-12-03,neutral
1491,2015-12-04,neutral
1492,2015-12-07,neutral
1493,2015-12-08,neutral
1494,2015-12-09,neutral
1495,2015-12-10,neutral
1496,2015-12-11,neutral
1497,2015-12-14,neutral
1498,2015-12-15,neutral
1499,2015-12-16,neutral
1500,2015-12-17,neutral
1501,2015-12-18,neutral
1502,2015-12-21,neutral
1503,2015-12-22,neutral
1504,2015-12-23,neutral
1505,2015-12-24,neutral
1506,2015-12-28,neutral
1507,2015-12-29,neutral
1508,2015-12-30,neutral
1509,2015-12-31,neutral
1510,2016-01-04,neutral
1511,2016-01-05,neutral
1512,2016-01-06,neutral
1513,2016-01-07,bear
1514,2016-01-08,bear
1515,2016-01-11,bear
1516,2016-01-12,bear
1517,2016-01-13,bear
1518,2016-01-14,bear
1519,2016-01-15,bear
1520,2016-01-19,bear
1521,2016-01-20,bear
1522,2016-01-21,bear
1523,2016-01-22,bear
1524,2016-01-25,bear
1525,2016-01-26,bear
1526,2016-01-27,bear
1527,2016-01-28,bear
1528,2016-01-29,bear
1529,2016-02-01,bear
1530,2016-02-02,bear
1531,2016-02-03,bear
1532,2016-02-04,bear
1533,2016-02-05,bear
1534,2016-02-08,bear
1535,2016-02-09,bear
1536,2016-02-10,bear
1537,2016-02-11,bear
1538,2016-02-12,bear
1539,2016-02-16,bear
1540,2016-02-17,bear
1541,2016-02-18,bear
1542,2016-02-19,bear
1543,2016-02-22,neutral
1544,2016-02-23,bear
1545,2016-02-24,neutral
1546,2016-02-25,neutral
1547,2016-02-26,neutral
1548,2016-02-29,neutral
1549,2016-03-01,neutral
1550,2016-03-02,neutral
1551,2016-03-03,neutral
1552,2016-03-04,neutral
1553,2016-03-07,neutral
1554,2016-03-08,neutral
1555,2016-03-09,neutral
1556,2016-03-10,neutral
1557,2016-03-11,neutral
1558,2016-03-14,neutral
1559,2016-03-15,neutral
1560,2016-03-16,neutral
1561,2016-03-17,neutral
1562,2016-03-18,neutral
1563,2016-03-21,neutral
1564,2016-03-22,neutral
1565,2016-03-23,neutral
1566,2016-03-24,neutral
1567,2016-03-28,neutral
1568,2016-03-29,neutral
1569,2016-03-30,neutral
1570,2016-03-31,neutral
1571,2016-04-01,neutral
1572,2016-04-04,neutral
1573,2016-04-05,neutral
1574,2016-04-06,neutral
1575,2016-04-07,neutral
1576,2016-04-08,neutral
1577,2016-04-11,neutral
1578,2016-04-12,neutral
1579,2016-04-13,neutral
1580,2016-04-14,neutral
1581,2016-04-15,neutral
1582,2016-04-18,neutral
1583,2016-04-19,neutral
1584,2016-04-20,neutral
1585,2016-04-21,neutral
1586,2016-04-22,neutral
1587,2016-04-25,neutral
1588,2016-04-26,neutral
1589,2016-04-27,neutral
1590,2016-04-28,neutral
1591,2016-04-29,neutral
1592,2016-05-02,neutral
1593,2016-05-03,neutral
1594,2016-05-04,neutral
1595,2016-05-05,neutral
1596,2016-05-06,neutral
1597,2016-05-09,neutral
1598,2016-05-10,neutral
1599,2016-05-11,neutral
1600,2016-05-12,neutral
1601,2016-05-13,neutral
1602,2016-05-16,neutral
1603,2016-05-17,neutral
1604,2016-05-18,neutral
1605,2016-05-19,neutral
1606,2016-05-20,neutral
1607,2016-05-23,neutral
1608,2016-05-24,neutral
1609,2016-05-25,neutral
1610,2016-05-26,neutral
1611,2016-05-27,neutral
1612,2016-05-31,neutral
1613,2016-06-01,neutral
1614,2016-06-02,neutral
1615,2016-06-03,neutral
1616,2016-06-06,neutral
1617,2016-06-07,neutral
1618,2016-06-08,bull
1619,2016-06-09,bull
1620,2016-06-10,neutral
1621,2016-06-13,neutral
1622,2016-06-14,neutral
1623,2016-06-15,neutral
1624,2016-06-16,neutral
1625,2016-06-17,neutral
1626,2016-06-20,neutral
1627,2016-06-21,neutral
1628,2016-06-22,neutral
1629,2016-06-23,neutral
1630,2016-06-24,neutral
1631,2016-06-27,neutral
1632,2016-06-28,neutral
1633,2016-06-29,neutral
1634,2016-06-30,neutral
1635,2016-07-01,neutral
1636,2016-07-05,neutral
1637,2016-07-06,neutral
1638,2016-07-07,neutral
1639,2016-07-08,bull
1640,2016-07-11,bull
1641,2016-07-12,bull
1642,2016-07-13,bull
1643,2016-07-14,bull
1644,2016-07-15,bull
1645,2016-07-18,bull
1646,2016-07-19,bull
1647,2016-07-20,bull
1648,2016-07-21,bull
1649,2016-07-22,bull
1650,2016-07-25,bull
1651,2016-07-26,bull
1652,2016-07-27,bull
1653,2016-07-28,bull
1654,2016-07-29,bull
1655,2016-08-01,bull
1656,2016-08-02,bull
1657,2016-08-03,bull
1658,2016-08-04,bull
1659,2016-08-05,bull
1660,2016-08-08,bull
1661,2016-08-09,bull
1662,2016-08-10,bull
1663,2016-08-11,bull
1664,2016-08-12,bull
1665,2016-08-15,bull
1666,2016-08-16,bull
1667,2016-08-17,bull
1668,2016-08-18,bull
1669,2016-08-19,bull
1670,2016-08-22,bull
1671,2016-08-23,bull
1672,2016-08-24,bull
1673,2016-08-25,bull
1674,2016-08-26,bull
1675,2016-08-29,bull
1676,2016-08-30,bull
1677,2016-08-31,bull
1678,2016-09-01,bull
1679,2016-09-02,bull
1680,2016-09-06,bull
1681,2016-09-07,bull
1682,2016-09-08,bull
1683,2016-09-09,neutral
1684,2016-09-12,neutral
1685,2016-09-13,neutral
1686,2016-09-14,neutral
1687,2016-09-15,neutral
1688,2016-09-16,neutral
1689,2016-09-19,neutral
1690,2016-09-20,neutral
1691,2016-09-21,bull
1692,2016-09-22,bull
1693,2016-09-23,bull
1694,2016-09-26,neutral
1695,2016-09-27,neutral
1696,2016-09-28,bull
1697,2016-09-29,neutral
1698,2016-09-30,bull
1699,2016-10-03,neutral
1700,2016-10-04,neutral
1701,2016-10-05,neutral
1702,2016-10-06,neutral
1703,2016-10-07,neutral
1704,2016-10-10,neutral
1705,2016-10-11,neutral
1706,2016-10-12,neutral
1707,2016-10-13,neutral
1708,2016-10-14,neutral
1709,2016-10-17,neutral
1710,2016-10-18,neutral
1711,2016-10-19,neutral
1712,2016-10-20,neutral
1713,2016-10-21,neutral
1714,2016-10-24,neutral
1715,2016-10-25,neutral
1716,2016-10-26,neutral
1717,2016-10-27,neutral
1718,2016-10-28,neutral
1719,2016-10-31,neutral
1720,2016-11-01,neutral
1721,2016-11-02,neutral
1722,2016-11-03,neutral
1723,2016-11-04,neutral
1724,2016-11-07,neutral
1725,2016-11-08,neutral
1726,2016-11-09,neutral
1727,2016-11-10,neutral
1728,2016-11-11,neutral
1729,2016-11-14,neutral
1730,2016-11-15,neutral
1731,2016-11-16,neutral
1732,2016-11-17,neutral
1733,2016-11-18,neutral
1734,2016-11-21,neutral
1735,2016-11-22,neutral
1736,2016-11-23,neutral
1737,2016-11-25,bull
1738,2016-11-28,neutral
1739,2016-11-29,neutral
1740,2016-11-30,neutral
1741,2016-12-01,neutral
1742,2016-12-02,neutral
1743,2016-12-05,neutral
1744,2016-12-06,neutral
1745,2016-12-07,bull
1746,2016-12-08,bull
1747,2016-12-09,bull
1748,2016-12-12,bull
1749,2016-12-13,bull
1750,2016-12-14,bull
1751,2016-12-15,bull
1752,2016-12-16,bull
1753,2016-12-19,bull
1754,2016-12-20,bull
1755,2016-12-21,bull
1756,2016-12-22,bull
1757,2016-12-23,bull
1758,2016-12-27,bull
1759,2016-12-28,bull
1760,2016-12-29,bull
1761,2016-12-30,neutral
1762,2017-01-03,bull
1763,2017-01-04,bull
1764,2017-01-05,bull
1765,2017-01-06,bull
1766,2017-01-09,bull
1767,2017-01-10,bull
1768,2017-01-11,bull
1769,2017-01-12,bull
1770,2017-01-13,bull
1771,2017-01-17,bull
1772,2017-01-18,bull
1773,2017-01-19,bull
1774,2017-01-20,bull
1775,2017-01-23,bull
1776,2017-01-24,bull
1777,2017-01-25,bull
1778,2017-01-26,bull
1779,2017-01-27,bull
1780,2017-01-30,bull
1781,2017-01-31,bull
1782,2017-02-01,bull
1783,2017-02-02,bull
1784,2017-02-03,bull
1785,2017-02-06,bull
1786,2017-02-07,bull
1787,2017-02-08,bull
1788,2017-02-09,bull
1789,2017-02-10,bull
1790,2017-02-13,bull
1791,2017-02-14,bull
1792,2017-02-15,bull
1793,2017-02-16,bull
1794,2017-02-17,bull
1795,2017-02-21,bull
1796,2017-02-22,bull
1797,2017-02-23,bull
1798,2017-02-24,bull
1799,2017-02-27,bull
1800,2017-02-28,bull
1801,2017-03-01,bull
1802,2017-03-02,bull
1803,2017-03-03,bull
1804,2017-03-06,bull
1805,2017-03-07,bull
1806,2017-03-08,bull
1807,2017-03-09,bull
1808,2017-03-10,bull
1809,2017-03-13,bull
1810,2017-03-14,bull
1811,2017-03-15,bull
1812,2017-03-16,bull
1813,2017-03-17,bull
1814,2017-03-20,bull
1815,2017-03-21,bull
1816,2017-03-22,bull
1817,2017-03-23,bull
1818,2017-03-24,bull
1819,2017-03-27,bull
1820,2017-03-28,bull
1821,2017-03-29,bull
1822,2017-03-30,bull
1823,2017-03-31,bull
1824,2017-04-03,bull
1825,2017-04-04,bull
1826,2017-04-05,bull
1827,2017-04-06,bull
1828,2017-04-07,bull
1829,2017-04-10,bull
1830,2017-04-11,bull
1831,2017-04-12,bull
1832,2017-04-13,neutral
1833,2017-04-17,bull
1834,2017-04-18,bull
1835,2017-04-19,neutral
1836,2017-04-20,bull
1837,2017-04-21,bull
1838,2017-04-24,bull
1839,2017-04-25,bull
1840,2017-04-26,bull
1841,2017-04-27,bull
1842,2017-04-28,bull
1843,2017-05-01,bull
1844,2017-05-02,bull
1845,2017-05-03,bull
1846,2017-05-04,bull
1847,2017-05-05,bull
1848,2017-05-08,bull
1849,2017-05-09,bull
1850,2017-05-10,bull
1851,2017-05-11,bull
1852,2017-05-12,bull
1853,2017-05-15,bull
1854,2017-05-16,bull
1855,2017-05-17,neutral
1856,2017-05-18,neutral
1857,2017-05-19,bull
1858,2017-05-22,bull
1859,2017-05-23,bull
1860,2017-05-24,bull
1861,2017-05-25,bull
1862,2017-05-26,bull
1863,2017-05-30,bull
1864,2017-05-31,bull
1865,2017-06-01,bull
1866,2017-06-02,bull
1867,2017-06-05,bull
1868,2017-06-06,bull
1869,2017-06-07,bull
1870,2017-06-08,bull
1871,2017-06-09,bull
1872,2017-06-12,bull
1873,2017-06-13,bull
1874,2017-06-14,bull
1875,2017-06-15,bull
1876,2017-06-16,bull
1877,2017-06-19,bull
1878,2017-06-20,bull
1879,2017-06-21,bull
1880,2017-06-22,bull
1881,2017-06-23,bull
1882,2017-06-26,bull
1883,2017-06-27,bull
1884,2017-06-28,bull
1885,2017-06-29,bull
1886,2017-06-30,bull
1887,2017-07-03,bull
1888,2017-07-05,bull
1889,2017-07-06,neutral
1890,2017-07-07,bull
1891,2017-07-10,bull
1892,2017-07-11,bull
1893,2017-07-12,bull
1894,2017-07-13,bull
1895,2017-07-14,bull
1896,2017-07-17,bull
1897,2017-07-18,bull
1898,2017-07-19,bull
1899,2017-07-20,bull
1900,2017-07-21,bull
1901,2017-07-24,bull
1902,2017-07-25,bull
1903,2017-07-26,bull
1904,2017-07-27,bull
1905,2017-07-28,bull
1906,2017-07-31,bull
1907,2017-08-01,bull
1908,2017-08-02,bull
1909,2017-08-03,bull
1910,2017-08-04,bull
1911,2017-08-07,bull
1912,2017-08-08,bull
1913,2017-08-09,bull
1914,2017-08-10,neutral
1915,2017-08-11,neutral
1916,2017-08-14,bull
1917,2017-08-15,bull
1918,2017-08-16,bull
1919,2017-08-17,neutral
1920,2017-08-18,neutral
1921,2017-08-21,neutral
1922,2017-08-22,neutral
1923,2017-08-23,neutral
1924,2017-08-24,neutral
1925,2017-08-25,neutral
1926,2017-08-28,neutral
1927,2017-08-29,neutral
1928,2017-08-30,neutral
1929,2017-08-31,neutral
1930,2017-09-01,neutral
1931,2017-09-05,neutral
1932,2017-09-06,neutral
1933,2017-09-07,neutral
1934,2017-09-08,neutral
1935,2017-09-11,bull
1936,2017-09-12,bull
1937,2017-09-13,bull
1938,2017-09-14,bull
1939,2017-09-15,bull
1940,2017-09-18,bull
1941,2017-09-19,bull
1942,2017-09-20,bull
1943,2017-09-21,bull
1944,2017-09-22,bull
1945,2017-09-25,neutral
1946,2017-09-26,neutral
1947,2017-09-27,bull
1948,2017-09-28,bull
1949,2017-09-29,bull
1950,2017-10-02,bull
1951,2017-10-03,bull
1952,2017-10-04,bull
1953,2017-10-05,bull
1954,2017-10-06,bull
1955,2017-10-09,bull
1956,2017-10-10,bull
1957,2017-10-11,bull
1958,2017-10-12,bull
1959,2017-10-13,bull
1960,2017-10-16,bull
1961,2017-10-17,bull
1962,2017-10-18,bull
1963,2017-10-19,bull
1964,2017-10-20,bull
1965,2017-10-23,bull
1966,2017-10-24,bull
1967,2017-10-25,bull
1968,2017-10-26,bull
1969,2017-10-27,bull
1970,2017-10-30,bull
1971,2017-10-31,bull
1972,2017-11-01,bull
1973,2017-11-02,bull
1974,2017-11-03,bull
1975,2017-11-06,bull
1976,2017-11-07,bull
1977,2017-11-08,bull
1978,2017-11-09,bull
1979,2017-11-10,bull
1980,2017-11-13,bull
1981,2017-11-14,bull
1982,2017-11-15,bull
1983,2017-11-16,bull
1984,2017-11-17,bull
1985,2017-11-20,bull
1986,2017-11-21,bull
1987,2017-11-22,bull
1988,2017-11-24,bull
1989,2017-11-27,bull
1990,2017-11-28,bull
1991,2017-11-29,bull
1992,2017-11-30,bull
1993,2017-12-01,bull
1994,2017-12-04,bull
1995,2017-12-05,bull
1996,2017-12-06,bull
1997,2017-12-07,bull
1998,2017-12-08,bull
1999,2017-12-11,bull
2000,2017-12-12,bull
2001,2017-12-13,bull
2002,2017-12-14,bull
2003,2017-12-15,bull
2004,2017-12-18,bull
2005,2017-12-19,bull
2006,2017-12-20,bull
2007,2017-12-21,bull
2008,2017-12-22,bull
2009,2017-12-26,bull
2010,2017-12-27,bull
2011,2017-12-28,bull
2012,2017-12-29,bull
2013,2018-01-02,bull
2014,2018-01-03,bull
2015,2018-01-04,bull
2016,2018-01-05,bull
2017,2018-01-08,bull
2018,2018-01-09,bull
2019,2018-01-10,bull
2020,2018-01-11,bull
2021,2018-01-12,bull
2022,2018-01-16,bull
2023,2018-01-17,bull
2024,2018-01-18,bull
2025,2018-01-19,bull
2026,2018-01-22,bull
2027,2018-01-23,bull
2028,2018-01-24,bull
2029,2018-01-25,bull
2030,2018-01-26,bull
2031,2018-01-29,bull
2032,2018-01-30,bull
2033,2018-01-31,bull
2034,2018-02-01,bull
2035,2018-02-02,bull
2036,2018-02-05,neutral
2037,2018-02-06,bull
2038,2018-02-07,bull
2039,2018-02-08,neutral
2040,2018-02-09,neutral
2041,2018-02-12,neutral
2042,2018-02-13,neutral
2043,2018-02-14,bull
2044,2018-02-15,bull
2045,2018-02-16,bull
2046,2018-02-20,bull
2047,2018-02-21,bull
2048,2018-02-22,bull
2049,2018-02-23,bull
2050,2018-02-26,bull
2051,2018-02-27,bull
2052,2018-02-28,bull
2053,2018-03-01,neutral
2054,2018-03-02,bull
2055,2018-03-05,bull
2056,2018-03-06,bull
2057,2018-03-07,bull
2058,2018-03-08,bull
2059,2018-03-09,bull
2060,2018-03-12,bull
2061,2018-03-13,bull
2062,2018-03-14,bull
2063,2018-03-15,bull
2064,2018-03-16,bull
2065,2018-03-19,bull
2066,2018-03-20,bull
2067,2018-03-21,neutral
2068,2018-03-22,neutral
2069,2018-03-23,neutral
2070,2018-03-26,neutral
2071,2018-03-27,neutral
2072,2018-03-28,neutral
2073,2018-03-29,neutral
2074,2018-04-02,neutral
2075,2018-04-03,neutral
2076,2018-04-04,neutral
2077,2018-04-05,neutral
2078,2018-04-06,neutral
2079,2018-04-09,neutral
2080,2018-04-10,neutral
2081,2018-04-11,neutral
2082,2018-04-12,neutral
2083,2018-04-13,neutral
2084,2018-04-16,neutral
2085,2018-04-17,neutral
2086,2018-04-18,neutral
2087,2018-04-19,neutral
2088,2018-04-20,neutral
2089,2018-04-23,neutral
2090,2018-04-24,neutral
2091,2018-04-25,neutral
2092,2018-04-26,neutral
2093,2018-04-27,neutral
2094,2018-04-30,neutral
2095,2018-05-01,neutral
2096,2018-05-02,neutral
2097,2018-05-03,neutral
2098,2018-05-04,neutral
2099,2018-05-07,neutral
2100,2018-05-08,neutral
2101,2018-05-09,neutral
2102,2018-05-10,neutral
2103,2018-05-11,neutral
2104,2018-05-14,neutral
2105,2018-05-15,neutral
2106,2018-05-16,neutral
2107,2018-05-17,neutral
2108,2018-05-18,neutral
2109,2018-05-21,neutral
2110,2018-05-22,neutral
2111,2018-05-23,neutral
2112,2018-05-24,neutral
2113,2018-05-25,neutral
2114,2018-05-29,neutral
2115,2018-05-30,neutral
2116,2018-05-31,neutral
2117,2018-06-01,neutral
2118,2018-06-04,neutral
2119,2018-06-05,neutral
2120,2018-06-06,neutral
2121,2018-06-07,neutral
2122,2018-06-08,neutral
2123,2018-06-11,bull
2124,2018-06-12,bull
2125,2018-06-13,neutral
2126,2018-06-14,neutral
2127,2018-06-15,neutral
2128,2018-06-18,neutral
2129,2018-06-19,neutral
2130,2018-06-20,neutral
2131,2018-06-21,neutral
2132,2018-06-22,neutral
2133,2018-06-25,neutral
2134,2018-06-26,neutral
2135,2018-06-27,neutral
2136,2018-06-28,neutral
2137,2018-06-29,neutral
2138,2018-07-02,neutral
2139,2018-07-03,neutral
2140,2018-07-05,neutral
2141,2018-07-06,neutral
2142,2018-07-09,neutral
2143,2018-07-10,neutral
2144,2018-07-11,neutral
2145,2018-07-12,neutral
2146,2018-07-13,neutral
2147,2018-07-16,neutral
2148,2018-07-17,neutral
2149,2018-07-18,neutral
2150,2018-07-19,neutral
2151,2018-07-20,neutral
2152,2018-07-23,neutral
2153,2018-07-24,neutral
2154,2018-07-25,bull
2155,2018-07-26,bull
2156,2018-07-27,neutral
2157,2018-07-30,neutral
2158,2018-07-31,neutral
2159,2018-08-01,neutral
2160,2018-08-02,neutral
2161,2018-08-03,bull
2162,2018-08-06,bull
2163,2018-08-07,bull
2164,2018-08-08,bull
2165,2018-08-09,bull
2166,2018-08-10,neutral
2167,2018-08-13,neutral
2168,2018-08-14,neutral
2169,2018-08-15,neutral
2170,2018-08-16,neutral
2171,2018-08-17,neutral
2172,2018-08-20,bull
2173,2018-08-21,bull
2174,2018-08-22,bull
2175,2018-08-23,bull
2176,2018-08-24,bull
2177,2018-08-27,bull
2178,2018-08-28,bull
2179,2018-08-29,bull
2180,2018-08-30,bull
2181,2018-08-31,bull
2182,2018-09-04,bull
2183,2018-09-05,bull
2184,2018-09-06,bull
2185,2018-09-07,neutral
2186,2018-09-10,bull
2187,2018-09-11,bull
2188,2018-09-12,bull
2189,2018-09-13,bull
2190,2018-09-14,bull
2191,2018-09-17,bull
2192,2018-09-18,bull
2193,2018-09-19,bull
2194,2018-09-20,bull
2195,2018-09-21,bull
2196,2018-09-24,bull
2197,2018-09-25,bull
2198,2018-09-26,bull
2199,2018-09-27,bull
2200,2018-09-28,bull
2201,2018-10-01,bull
2202,2018-10-02,bull
2203,2018-10-03,bull
2204,2018-10-04,bull
2205,2018-10-05,neutral
2206,2018-10-08,neutral
2207,2018-10-09,neutral
2208,2018-10-10,neutral
2209,2018-10-11,neutral
2210,2018-10-12,neutral
2211,2018-10-15,neutral
2212,2018-10-16,neutral
2213,2018-10-17,neutral
2214,2018-10-18,neutral
2215,2018-10-19,neutral
2216,2018-10-22,neutral
2217,2018-10-23,neutral
2218,2018-10-24,neutral
2219,2018-10-25,neutral
2220,2018-10-26,neutral
2221,2018-10-29,neutral
2222,2018-10-30,neutral
2223,2018-10-31,neutral
2224,2018-11-01,neutral
2225,2018-11-02,neutral
2226,2018-11-05,neutral
2227,2018-11-06,neutral
2228,2018-11-07,neutral
2229,2018-11-08,neutral
2230,2018-11-09,neutral
2231,2018-11-12,neutral
2232,2018-11-13,neutral
2233,2018-11-14,neutral
2234,2018-11-15,neutral
2235,2018-11-16,neutral
2236,2018-11-19,neutral
2237,2018-11-20,neutral
2238,2018-11-21,neutral
2239,2018-11-23,neutral
2240,2018-11-26,neutral
2241,2018-11-27,neutral
2242,2018-11-28,neutral
2243,2018-11-29,neutral
2244,2018-11-30,neutral
2245,2018-12-03,neutral
2246,2018-12-04,neutral
2247,2018-12-06,neutral
2248,2018-12-07,neutral
2249,2018-12-10,neutral
2250,2018-12-11,neutral
2251,2018-12-12,neutral
2252,2018-12-13,neutral
2253,2018-12-14,bear
2254,2018-12-17,bear
2255,2018-12-18,bear
2256,2018-12-19,bear
2257,2018-12-20,bear
2258,2018-12-21,bear
2259,2018-12-24,bear
2260,2018-12-26,bear
2261,2018-12-27,bear
2262,2018-12-28,bear
2263,2018-12-31,bear
2264,2019-01-02,bear
2265,2019-01-03,bear
2266,2019-01-04,bear
2267,2019-01-07,bear
2268,2019-01-08,bear
2269,2019-01-09,bear
2270,2019-01-10,bear
2271,2019-01-11,bear
2272,2019-01-14,bear
2273,2019-01-15,neutral
2274,2019-01-16,neutral
2275,2019-01-17,neutral
2276,2019-01-18,neutral
2277,2019-01-22,neutral
2278,2019-01-23,neutral
2279,2019-01-24,neutral
2280,2019-01-25,neutral
2281,2019-01-28,neutral
2282,2019-01-29,neutral
2283,2019-01-30,neutral
2284,2019-01-31,neutral
2285,2019-02-01,neutral
2286,2019-02-04,neutral
2287,2019-02-05,neutral
2288,2019-02-06,neutral
2289,2019-02-07,neutral
2290,2019-02-08,neutral
2291,2019-02-11,neutral
2292,2019-02-12,neutral
2293,2019-02-13,neutral
2294,2019-02-14,neutral
2295,2019-02-15,neutral
2296,2019-02-19,neutral
2297,2019-02-20,neutral
2298,2019-02-21,neutral
2299,2019-02-22,neutral
2300,2019-02-25,neutral
2301,2019-02-26,neutral
2302,2019-02-27,neutral
2303,2019-02-28,neutral
2304,2019-03-01,neutral
2305,2019-03-04,neutral
2306,2019-03-05,neutral
2307,2019-03-06,neutral
2308,2019-03-07,neutral
2309,2019-03-08,neutral
2310,2019-03-11,neutral
2311,2019-03-12,neutral
2312,2019-03-13,neutral
2313,2019-03-14,neutral
2314,2019-03-15,neutral
2315,2019-03-18,neutral
2316,2019-03-19,neutral
2317,2019-03-20,neutral
2318,2019-03-21,neutral
2319,2019-03-22,neutral
2320,2019-03-25,neutral
2321,2019-03-26,neutral
2322,2019-03-27,neutral
2323,2019-03-28,neutral
2324,2019-03-29,neutral
2325,2019-04-01,neutral
2326,2019-04-02,neutral
2327,2019-04-03,neutral
2328,2019-04-04,neutral
2329,2019-04-05,neutral
2330,2019-04-08,neutral
2331,2019-04-09,neutral
2332,2019-04-10,neutral
2333,2019-04-11,neutral
2334,2019-04-12,bull
2335,2019-04-15,bull
2336,2019-04-16,bull
2337,2019-04-17,neutral
2338,2019-04-18,bull
2339,2019-04-22,bull
2340,2019-04-23,bull
2341,2019-04-24,bull
2342,2019-04-25,bull
2343,2019-04-26,bull
2344,2019-04-29,bull
2345,2019-04-30,bull
2346,2019-05-01,bull
2347,2019-05-02,bull
2348,2019-05-03,bull
2349,2019-05-06,bull
2350,2019-05-07,neutral
2351,2019-05-08,neutral
2352,2019-05-09,neutral
2353,2019-05-10,neutral
2354,2019-05-13,neutral
2355,2019-05-14,neutral
2356,2019-05-15,neutral
2357,2019-05-16,neutral
2358,2019-05-17,neutral
2359,2019-05-20,neutral
2360,2019-05-21,neutral
2361,2019-05-22,neutral
2362,2019-05-23,neutral
2363,2019-05-24,neutral
2364,2019-05-28,neutral
2365,2019-05-29,neutral
2366,2019-05-30,neutral
2367,2019-05-31,neutral
2368,2019-06-03,neutral
2369,2019-06-04,neutral
2370,2019-06-05,neutral
2371,2019-06-06,neutral
2372,2019-06-07,neutral
2373,2019-06-10,neutral
2374,2019-06-11,neutral
2375,2019-06-12,neutral
2376,2019-06-13,neutral
2377,2019-06-14,neutral
2378,2019-06-17,neutral
2379,2019-06-18,bull
2380,2019-06-19,bull
2381,2019-06-20,bull
2382,2019-06-21,bull
2383,2019-06-24,bull
2384,2019-06-25,bull
2385,2019-06-26,neutral
2386,2019-06-27,bull
2387,2019-06-28,bull
2388,2019-07-01,bull
2389,2019-07-02,bull
2390,2019-07-03,bull
2391,2019-07-05,bull
2392,2019-07-08,bull
2393,2019-07-09,bull
2394,2019-07-10,bull
2395,2019-07-11,bull
2396,2019-07-12,bull
2397,2019-07-15,bull
2398,2019-07-16,bull
2399,2019-07-17,bull
2400,2019-07-18,bull
2401,2019-07-19,bull
2402,2019-07-22,bull
2403,2019-07-23,bull
2404,2019-07-24,bull
2405,2019-07-25,bull
2406,2019-07-26,bull
2407,2019-07-29,bull
2408,2019-07-30,bull
2409,2019-07-31,bull
2410,2019-08-01,bull
2411,2019-08-02,bull
2412,2019-08-05,neutral
2413,2019-08-06,neutral
2414,2019-08-07,neutral
2415,2019-08-08,bull
2416,2019-08-09,neutral
2417,2019-08-12,neutral
2418,2019-08-13,neutral
2419,2019-08-14,neutral
2420,2019-08-15,neutral
2421,2019-08-16,neutral
2422,2019-08-19,neutral
2423,2019-08-20,neutral
2424,2019-08-21,neutral
2425,2019-08-22,neutral
2426,2019-08-23,neutral
2427,2019-08-26,neutral
2428,2019-08-27,neutral
2429,2019-08-28,neutral
2430,2019-08-29,neutral
2431,2019-08-30,neutral
2432,2019-09-03,neutral
2433,2019-09-04,neutral
2434,2019-09-05,bull
2435,2019-09-06,bull
2436,2019-09-09,bull
2437,2019-09-10,bull
2438,2019-09-11,bull
2439,2019-09-12,bull
2440,2019-09-13,bull
2441,2019-09-16,bull
2442,2019-09-17,bull
2443,2019-09-18,bull
2444,2019-09-19,bull
2445,2019-09-20,bull
2446,2019-09-23,bull
2447,2019-09-24,neutral
2448,2019-09-25,bull
2449,2019-09-26,bull
2450,2019-09-27,neutral
2451,2019-09-30,bull
2452,2019-10-01,neutral
2453,2019-10-02,neutral
2454,2019-10-03,neutral
2455,2019-10-04,neutral
2456,2019-10-07,neutral
2457,2019-10-08,neutral
2458,2019-10-09,neutral
2459,2019-10-10,neutral
2460,2019-10-11,neutral
2461,2019-10-14,neutral
2462,2019-10-15,neutral
2463,2019-10-16,neutral
2464,2019-10-17,neutral
2465,2019-10-18,neutral
2466,2019-10-21,neutral
2467,2019-10-22,neutral
2468,2019-10-23,neutral
2469,2019-10-24,neutral
2470,2019-10-25,bull
2471,2019-10-28,bull
2472,2019-10-29,bull
2473,2019-10-30,bull
2474,2019-10-31,bull
2475,2019-11-01,bull
2476,2019-11-04,bull
2477,2019-11-05,bull
2478,2019-11-06,bull
2479,2019-11-07,bull
2480,2019-11-08,bull
2481,2019-11-11,bull
2482,2019-11-12,bull
2483,2019-11-13,bull
2484,2019-11-14,bull
2485,2019-11-15,bull
2486,2019-11-18,bull
2487,2019-11-19,bull
2488,2019-11-20,bull
2489,2019-11-21,bull
2490,2019-11-22,bull
2491,2019-11-25,bull
2492,2019-11-26,bull
2493,2019-11-27,bull
2494,2019-11-29,bull
2495,2019-12-02,bull
2496,2019-12-03,bull
2497,2019-12-04,bull
2498,2019-12-05,bull
2499,2019-12-06,bull
2500,2019-12-09,bull
2501,2019-12-10,bull
2502,2019-12-11,bull
2503,2019-12-12,bull
2504,2019-12-13,bull
2505,2019-12-16,bull
2506,2019-12-17,bull
2507,2019-12-18,bull
2508,2019-12-19,bull
2509,2019-12-20,bull
2510,2019-12-23,bull
2511,2019-12-24,bull
2512,2019-12-26,bull
2513,2019-12-27,bull
2514,2019-12-30,bull
2515,2019-12-31,bull
2516,2020-01-02,bull
2517,2020-01-03,bull
2518,2020-01-06,bull
2519,2020-01-07,bull
2520,2020-01-08,bull
2521,2020-01-09,bull
2522,2020-01-10,bull
2523,2020-01-13,bull
2524,2020-01-14,bull
2525,2020-01-15,bull
2526,2020-01-16,bull
2527,2020-01-17,bull
2528,2020-01-21,bull
2529,2020-01-22,bull
2530,2020-01-23,bull
2531,2020-01-24,bull
2532,2020-01-27,bull
2533,2020-01-28,bull
2534,2020-01-29,bull
2535,2020-01-30,bull
2536,2020-01-31,bull
2537,2020-02-03,bull
2538,2020-02-04,bull
2539,2020-02-05,bull
2540,2020-02-06,bull
2541,2020-02-07,bull
2542,2020-02-10,bull
2543,2020-02-11,bull
2544,2020-02-12,bull
2545,2020-02-13,bull
2546,2020-02-14,bull
2547,2020-02-18,bull
2548,2020-02-19,bull
2549,2020-02-20,bull
2550,2020-02-21,bull
2551,2020-02-24,bull
2552,2020-02-25,neutral
2553,2020-02-26,neutral
2554,2020-02-27,neutral
2555,2020-02-28,neutral
2556,2020-03-02,neutral
2557,2020-03-03,neutral
2558,2020-03-04,neutral
2559,2020-03-05,neutral
2560,2020-03-06,neutral
2561,2020-03-09,bear
2562,2020-03-10,bear
2563,2020-03-11,bear
2564,2020-03-12,bear
2565,2020-03-13,bear
2566,2020-03-16,bear
2567,2020-03-17,bear
2568,2020-03-18,bear
2569,2020-03-19,bear
2570,2020-03-20,bear
2571,2020-03-23,bear
2572,2020-03-24,bear
2573,2020-03-25,bear
2574,2020-03-26,bear
2575,2020-03-27,bear
2576,2020-03-30,bear
2577,2020-03-31,bear
2578,2020-04-01,bear
2579,2020-04-02,bear
2580,2020-04-03,bear
2581,2020-04-06,bear
2582,2020-04-07,bear
2583,2020-04-08,bear
2584,2020-04-09,bear
2585,2020-04-13,bear
2586,2020-04-14,bear
2587,2020-04-15,bear
2588,2020-04-16,bear
2589,2020-04-17,neutral
2590,2020-04-20,bear
2591,2020-04-21,bear
2592,2020-04-22,bear
2593,2020-04-23,bear
2594,2020-04-24,bear
2595,2020-04-27,neutral
2596,2020-04-28,neutral
2597,2020-04-29,neutral
2598,2020-04-30,neutral
2599,2020-05-01,bear
2600,2020-05-04,bear
2601,2020-05-05,neutral
2602,2020-05-06,bear
2603,2020-05-07,neutral
2604,2020-05-08,neutral
2605,2020-05-11,neutral
2606,2020-05-12,neutral
2607,2020-05-13,bear
2608,2020-05-14,neutral
2609,2020-05-15,neutral
2610,2020-05-18,neutral
2611,2020-05-19,neutral
2612,2020-05-20,neutral
2613,2020-05-21,neutral
2614,2020-05-22,neutral
2615,2020-05-26,neutral
2616,2020-05-27,neutral
2617,2020-05-28,neutral
2618,2020-05-29,neutral
2619,2020-06-01,neutral
2620,2020-06-02,neutral
2621,2020-06-03,neutral
2622,2020-06-04,neutral
2623,2020-06-05,bull
2624,2020-06-08,bull
2625,2020-06-09,bull
2626,2020-06-10,bull
2627,2020-06-11,neutral
2628,2020-06-12,neutral
2629,2020-06-15,neutral
2630,2020-06-16,neutral
2631,2020-06-17,neutral
2632,2020-06-18,neutral
2633,2020-06-19,neutral
2634,2020-06-22,neutral
2635,2020-06-23,neutral
2636,2020-06-24,neutral
2637,2020-06-25,neutral
2638,2020-06-26,neutral
2639,2020-06-29,neutral
2640,2020-06-30,neutral
2641,2020-07-01,neutral
2642,2020-07-02,neutral
2643,2020-07-06,bull
2644,2020-07-07,neutral
2645,2020-07-08,neutral
2646,2020-07-09,neutral
2647,2020-07-10,bull
2648,2020-07-13,neutral
2649,2020-07-14,bull
2650,2020-07-15,bull
2651,2020-07-16,bull
2652,2020-07-17,bull
2653,2020-07-20,bull
2654,2020-07-21,bull
2655,2020-07-22,bull
2656,2020-07-23,bull
2657,2020-07-24,bull
2658,2020-07-27,bull
2659,2020-07-28,bull
2660,2020-07-29,bull
2661,2020-07-30,bull
2662,2020-07-31,bull
2663,2020-08-03,bull
2664,2020-08-04,bull
2665,2020-08-05,bull
2666,2020-08-06,bull
2667,2020-08-07,bull
2668,2020-08-10,bull
2669,2020-08-11,bull
2670,2020-08-12,bull
2671,2020-08-13,bull
2672,2020-08-14,bull
2673,2020-08-17,bull
2674,2020-08-18,bull
2675,2020-08-19,bull
2676,2020-08-20,bull
2677,2020-08-21,bull
2678,2020-08-24,bull
2679,2020-08-25,bull
2680,2020-08-26,bull
2681,2020-08-27,bull
2682,2020-08-28,bull
2683,2020-08-31,bull
2684,2020-09-01,bull
2685,2020-09-02,bull
2686,2020-09-03,bull
2687,2020-09-04,bull
2688,2020-09-08,bull
2689,2020-09-09,bull
2690,2020-09-10,bull
2691,2020-09-11,bull
2692,2020-09-14,bull
2693,2020-09-15,bull
2694,2020-09-16,bull
2695,2020-09-17,bull
2696,2020-09-18,bull
2697,2020-09-21,bull
2698,2020-09-22,bull
2699,2020-09-23,neutral
2700,2020-09-24,neutral
2701,2020-09-25,bull
2702,2020-09-28,bull
2703,2020-09-29,bull
2704,2020-09-30,bull
2705,2020-10-01,bull
2706,2020-10-02,bull
2707,2020-10-05,bull
2708,2020-10-06,bull
2709,2020-10-07,bull
2710,2020-10-08,bull
2711,2020-10-09,bull
2712,2020-10-12,bull
2713,2020-10-13,bull
2714,2020-10-14,bull
2715,2020-10-15,bull
2716,2020-10-16,bull
2717,2020-10-19,bull
2718,2020-10-20,bull
2719,2020-10-21,bull
2720,2020-10-22,bull
2721,2020-10-23,bull
2722,2020-10-26,bull
2723,2020-10-27,bull
2724,2020-10-28,neutral
2725,2020-10-29,bull
2726,2020-10-30,neutral
2727,2020-11-02,bull
2728,2020-11-03,bull
2729,2020-11-04,bull
2730,2020-11-05,bull
2731,2020-11-06,bull
2732,2020-11-09,bull
2733,2020-11-10,bull
2734,2020-11-11,bull
2735,2020-11-12,bull
2736,2020-11-13,bull
2737,2020-11-16,bull
2738,2020-11-17,bull
2739,2020-11-18,bull
2740,2020-11-19,bull
2741,2020-11-20,bull
2742,2020-11-23,bull
2743,2020-11-24,bull
2744,2020-11-25,bull
2745,2020-11-27,bull
2746,2020-11-30,bull
2747,2020-12-01,bull
2748,2020-12-02,bull
2749,2020-12-03,bull
2750,2020-12-04,bull
2751,2020-12-07,bull
2752,2020-12-08,bull
2753,2020-12-09,bull
2754,2020-12-10,bull
2755,2020-12-11,bull
2756,2020-12-14,bull
2757,2020-12-15,bull
2758,2020-12-16,bull
2759,2020-12-17,bull
2760,2020-12-18,bull
2761,2020-12-21,bull
2762,2020-12-22,bull
2763,2020-12-23,bull
2764,2020-12-24,bull
2765,2020-12-28,bull
2766,2020-12-29,bull
2767,2020-12-30,bull
2768,2020-12-31,bull
2769,2021-01-04,bull
2770,2021-01-05,bull
2771,2021-01-06,bull
2772,2021-01-07,bull
2773,2021-01-08,bull
2774,2021-01-11,bull
2775,2021-01-12,bull
2776,2021-01-13,bull
2777,2021-01-14,bull
2778,2021-01-15,bull
2779,2021-01-19,bull
2780,2021-01-20,bull
2781,2021-01-21,bull
2782,2021-01-22,bull
2783,2021-01-25,bull
2784,2021-01-26,bull
2785,2021-01-27,bull
2786,2021-01-28,bull
2787,2021-01-29,bull
2788,2021-02-01,bull
2789,2021-02-02,bull
2790,2021-02-03,bull
2791,2021-02-04,bull
2792,2021-02-05,bull
2793,2021-02-08,bull
2794,2021-02-09,bull
2795,2021-02-10,bull
2796,2021-02-11,bull
2797,2021-02-12,bull
2798,2021-02-16,bull
2799,2021-02-17,bull
2800,2021-02-18,bull
2801,2021-02-19,bull
2802,2021-02-22,bull
2803,2021-02-23,bull
2804,2021-02-24,bull
2805,2021-02-25,bull
2806,2021-02-26,bull
2807,2021-03-01,bull
2808,2021-03-02,bull
2809,2021-03-03,bull
2810,2021-03-04,bull
2811,2021-03-05,bull
2812,2021-03-08,bull
2813,2021-03-09,bull
2814,2021-03-10,bull
2815,2021-03-11,bull
2816,2021-03-12,bull
2817,2021-03-15,bull
2818,2021-03-16,bull
2819,2021-03-17,bull
2820,2021-03-18,bull
2821,2021-03-19,bull
2822,2021-03-22,bull
2823,2021-03-23,bull
2824,2021-03-24,bull
2825,2021-03-25,bull
2826,2021-03-26,bull
2827,2021-03-29,bull
2828,2021-03-30,bull
2829,2021-03-31,bull
2830,2021-04-01,bull
2831,2021-04-05,bull
2832,2021-04-06,bull
2833,2021-04-07,bull
2834,2021-04-08,bull
2835,2021-04-09,bull
2836,2021-04-12,bull
2837,2021-04-13,bull
2838,2021-04-14,bull
2839,2021-04-15,bull
2840,2021-04-16,bull
2841,2021-04-19,bull
2842,2021-04-20,bull
2843,2021-04-21,bull
2844,2021-04-22,bull
2845,2021-04-23,bull
2846,2021-04-26,bull
2847,2021-04-27,bull
2848,2021-04-28,bull
2849,2021-04-29,bull
2850,2021-04-30,bull
2851,2021-05-03,bull
2852,2021-05-04,bull
2853,2021-05-05,bull
2854,2021-05-06,bull
2855,2021-05-07,bull
2856,2021-05-10,bull
2857,2021-05-11,bull
2858,2021-05-12,bull
2859,2021-05-13,bull
2860,2021-05-14,bull
2861,2021-05-17,bull
2862,2021-05-18,bull
2863,2021-05-19,bull
2864,2021-05-20,bull
2865,2021-05-21,bull
2866,2021-05-24,bull
2867,2021-05-25,bull
2868,2021-05-26,bull
2869,2021-05-27,bull
2870,2021-05-28,bull
2871,2021-06-01,bull
2872,2021-06-02,bull
2873,2021-06-03,bull
2874,2021-06-04,bull
2875,2021-06-07,bull
2876,2021-06-08,bull
2877,2021-06-09,bull
2878,2021-06-10,bull
2879,2021-06-11,bull
2880,2021-06-14,bull
2881,2021-06-15,bull
2882,2021-06-16,bull
2883,2021-06-17,bull
2884,2021-06-18,bull
2885,2021-06-21,bull
2886,2021-06-22,bull
2887,2021-06-23,bull
2888,2021-06-24,bull
2889,2021-06-25,bull
2890,2021-06-28,bull
2891,2021-06-29,bull
2892,2021-06-30,bull
2893,2021-07-01,bull
2894,2021-07-02,bull
2895,2021-07-06,bull
2896,2021-07-07,bull
2897,2021-07-08,bull
2898,2021-07-09,bull
2899,2021-07-12,bull
2900,2021-07-13,bull
2901,2021-07-14,bull
2902,2021-07-15,bull
2903,2021-07-16,bull
2904,2021-07-19,bull
2905,2021-07-20,bull
2906,2021-07-21,bull
2907,2021-07-22,bull
2908,2021-07-23,bull
2909,2021-07-26,bull
2910,2021-07-27,bull
2911,2021-07-28,bull
2912,2021-07-29,bull
2913,2021-07-30,bull
2914,2021-08-02,bull
2915,2021-08-03,bull
2916,2021-08-04,bull
2917,2021-08-05,bull
2918,2021-08-06,bull
2919,2021-08-09,bull
2920,2021-08-10,bull
2921,2021-08-11,bull
2922,2021-08-12,bull
2923,2021-08-13,bull
2924,2021-08-16,bull
2925,2021-08-17,bull
2926,2021-08-18,bull
2927,2021-08-19,bull
2928,2021-08-20,bull
2929,2021-08-23,bull
2930,2021-08-24,bull
2931,2021-08-25,bull
2932,2021-08-26,bull
2933,2021-08-27,bull
2934,2021-08-30,bull
2935,2021-08-31,bull
2936,2021-09-01,bull
2937,2021-09-02,bull
2938,2021-09-03,bull
2939,2021-09-07,bull
2940,2021-09-08,bull
2941,2021-09-09,bull
2942,2021-09-10,bull
2943,2021-09-13,bull
2944,2021-09-14,bull
2945,2021-09-15,bull
2946,2021-09-16,bull
2947,2021-09-17,bull
2948,2021-09-20,bull
2949,2021-09-21,bull
2950,2021-09-22,bull
2951,2021-09-23,bull
2952,2021-09-24,bull
2953,2021-09-27,bull
2954,2021-09-28,bull
2955,2021-09-29,bull
2956,2021-09-30,neutral
2957,2021-10-01,bull
2958,2021-10-04,neutral
2959,2021-10-05,neutral
2960,2021-10-06,bull
2961,2021-10-07,bull
2962,2021-10-08,bull
2963,2021-10-11,neutral
2964,2021-10-12,neutral
2965,2021-10-13,neutral
2966,2021-10-14,bull
2967,2021-10-15,bull
2968,2021-10-18,bull
2969,2021-10-19,bull
2970,2021-10-20,bull
2971,2021-10-21,bull
2972,2021-10-22,bull
2973,2021-10-25,bull
2974,2021-10-26,bull
2975,2021-10-27,bull
2976,2021-10-28,bull
2977,2021-10-29,bull
2978,2021-11-01,bull
2979,2021-11-02,bull
2980,2021-11-03,bull
2981,2021-11-04,bull
2982,2021-11-05,bull
2983,2021-11-08,bull
2984,2021-11-09,bull
2985,2021-11-10,bull
2986,2021-11-11,bull
2987,2021-11-12,bull
2988,2021-11-15,bull
2989,2021-11-16,bull
2990,2021-11-17,bull
2991,2021-11-18,bull
2992,2021-11-19,bull
2993,2021-11-22,bull
2994,2021-11-23,bull
2995,2021-11-24,bull
2996,2021-11-26,bull
2997,2021-11-29,bull
2998,2021-11-30,bull
2999,2021-12-01,neutral
3000,2021-12-02,bull
3001,2021-12-03,bull
3002,2021-12-06,bull
3003,2021-12-07,bull
3004,2021-12-08,bull
3005,2021-12-09,bull
3006,2021-12-10,bull
3007,2021-12-13,bull
3008,2021-12-14,bull
3009,2021-12-15,bull
3010,2021-12-16,bull
3011,2021-12-17,bull
3012,2021-12-20,bull
3013,2021-12-21,bull
3014,2021-12-22,bull
3015,2021-12-23,bull
3016,2021-12-27,bull
3017,2021-12-28,bull
3018,2021-12-29,bull
3019,2021-12-30,bull
3020,2021-12-31,bull
3021,2022-01-03,bull
3022,2022-01-04,bull
3023,2022-01-05,bull
3024,2022-01-06,bull
3025,2022-01-07,bull
3026,2022-01-10,bull
3027,2022-01-11,bull
3028,2022-01-12,bull
3029,2022-01-13,bull
3030,2022-01-14,bull
3031,2022-01-18,neutral
3032,2022-01-19,neutral
3033,2022-01-20,neutral
3034,2022-01-21,neutral
3035,2022-01-24,neutral
3036,2022-01-25,neutral
3037,2022-01-26,neutral
3038,2022-01-27,neutral
3039,2022-01-28,neutral
3040,2022-01-31,neutral
3041,2022-02-01,neutral
3042,2022-02-02,neutral
3043,2022-02-03,neutral
3044,2022-02-04,neutral
3045,2022-02-07,neutral
3046,2022-02-08,neutral
3047,2022-02-09,neutral
3048,2022-02-10,neutral
3049,2022-02-11,neutral
3050,2022-02-14,neutral
3051,2022-02-15,neutral
3052,2022-02-16,neutral
3053,2022-02-17,neutral
3054,2022-02-18,neutral
3055,2022-02-22,neutral
3056,2022-02-23,bear
3057,2022-02-24,neutral
3058,2022-02-25,neutral
3059,2022-02-28,neutral
3060,2022-03-01,neutral
3061,2022-03-02,neutral
3062,2022-03-03,neutral
3063,2022-03-04,neutral
3064,2022-03-07,bear
3065,2022-03-08,bear
3066,2022-03-09,neutral
3067,2022-03-10,neutral
3068,2022-03-11,bear
3069,2022-03-14,bear
3070,2022-03-15,neutral
3071,2022-03-16,neutral
3072,2022-03-17,neutral
3073,2022-03-18,neutral
3074,2022-03-21,neutral
3075,2022-03-22,neutral
3076,2022-03-23,neutral
3077,2022-03-24,neutral
3078,2022-03-25,neutral
3079,2022-03-28,neutral
3080,2022-03-29,neutral
3081,2022-03-30,neutral
3082,2022-03-31,neutral
3083,2022-04-01,neutral
3084,2022-04-04,neutral
3085,2022-04-05,neutral
3086,2022-04-06,neutral
3087,2022-04-07,neutral
3088,2022-04-08,neutral
3089,2022-04-11,neutral
3090,2022-04-12,neutral
3091,2022-04-13,neutral
3092,2022-04-14,neutral
3093,2022-04-18,neutral
3094,2022-04-19,neutral
3095,2022-04-20,neutral
3096,2022-04-21,neutral
3097,2022-04-22,bear
3098,2022-04-25,neutral
3099,2022-04-26,bear
3100,2022-04-27,bear
3101,2022-04-28,neutral
3102,2022-04-29,bear
3103,2022-05-02,bear
3104,2022-05-03,bear
3105,2022-05-04,neutral
3106,2022-05-05,bear
3107,2022-05-06,bear
3108,2022-05-09,bear
3109,2022-05-10,bear
3110,2022-05-11,bear
3111,2022-05-12,bear
3112,2022-05-13,bear
3113,2022-05-16,bear
3114,2022-05-17,bear
3115,2022-05-18,bear
3116,2022-05-19,bear
3117,2022-05-20,bear
3118,2022-05-23,bear
3119,2022-05-24,bear
3120,2022-05-25,bear
3121,2022-05-26,bear
3122,2022-05-27,bear
3123,2022-05-31,bear
3124,2022-06-01,bear
3125,2022-06-02,bear
3126,2022-06-03,bear
3127,2022-06-06,bear
3128,2022-06-07,bear
3129,2022-06-08,bear
3130,2022-06-09,bear
3131,2022-06-10,bear
3132,2022-06-13,bear
3133,2022-06-14,bear
3134,2022-06-15,bear
3135,2022-06-16,bear
3136,2022-06-17,bear
3137,2022-06-21,bear
3138,2022-06-22,bear
3139,2022-06-23,bear
3140,2022-06-24,bear
3141,2022-06-27,bear
3142,2022-06-28,bear
3143,2022-06-29,bear
3144,2022-06-30,bear
3145,2022-07-01,bear
3146,2022-07-05,bear
3147,2022-07-06,bear
3148,2022-07-07,bear
3149,2022-07-08,bear
3150,2022-07-11,bear
3151,2022-07-12,bear
3152,2022-07-13,bear
3153,2022-07-14,bear
3154,2022-07-15,bear
3155,2022-07-18,bear
3156,2022-07-19,bear
3157,2022-07-20,bear
3158,2022-07-21,bear
3159,2022-07-22,bear
3160,2022-07-25,bear
3161,2022-07-26,bear
3162,2022-07-27,bear
3163,2022-07-28,bear
3164,2022-07-29,neutral
3165,2022-08-01,bear
3166,2022-08-02,bear
3167,2022-08-03,neutral
3168,2022-08-04,neutral
3169,2022-08-05,neutral
3170,2022-08-08,neutral
3171,2022-08-09,neutral
3172,2022-08-10,neutral
3173,2022-08-11,neutral
3174,2022-08-12,neutral
3175,2022-08-15,neutral
3176,2022-08-16,neutral
3177,2022-08-17,neutral
3178,2022-08-18,neutral
3179,2022-08-19,neutral
3180,2022-08-22,neutral
3181,2022-08-23,neutral
3182,2022-08-24,neutral
3183,2022-08-25,neutral
3184,2022-08-26,bear
3185,2022-08-29,bear
3186,2022-08-30,bear
3187,2022-08-31,bear
3188,2022-09-01,bear
3189,2022-09-02,bear
3190,2022-09-06,bear
3191,2022-09-07,bear
3192,2022-09-08,bear
3193,2022-09-09,neutral
3194,2022-09-12,neutral
3195,2022-09-13,bear
3196,2022-09-14,bear
3197,2022-09-15,bear
3198,2022-09-16,bear
3199,2022-09-19,bear
3200,2022-09-20,bear
3201,2022-09-21,bear
3202,2022-09-22,bear
3203,2022-09-23,bear
3204,2022-09-26,bear
3205,2022-09-27,bear
3206,2022-09-28,bear
3207,2022-09-29,bear
3208,2022-09-30,bear
3209,2022-10-03,bear
3210,2022-10-04,bear
3211,2022-10-05,bear
3212,2022-10-06,bear
3213,2022-10-07,bear
3214,2022-10-10,bear
3215,2022-10-11,bear
3216,2022-10-12,bear
3217,2022-10-13,bear
3218,2022-10-14,bear
3219,2022-10-17,bear
3220,2022-10-18,bear
3221,2022-10-19,bear
3222,2022-10-20,bear
3223,2022-10-21,bear
3224,2022-10-24,bear
3225,2022-10-25,bear
3226,2022-10-26,bear
3227,2022-10-27,bear
3228,2022-10-28,bear
3229,2022-10-31,bear
3230,2022-11-01,bear
3231,2022-11-02,bear
3232,2022-11-03,bear
3233,2022-11-04,bear
3234,2022-11-07,bear
3235,2022-11-08,bear
3236,2022-11-09,bear
3237,2022-11-10,neutral
3238,2022-11-11,neutral
3239,2022-11-14,neutral
3240,2022-11-15,neutral
3241,2022-11-16,neutral
3242,2022-11-17,neutral
3243,2022-11-18,neutral
3244,2022-11-21,neutral
3245,2022-11-22,neutral
3246,2022-11-23,neutral
3247,2022-11-25,neutral
3248,2022-11-28,neutral
3249,2022-11-29,neutral
3250,2022-11-30,neutral
3251,2022-12-01,neutral
3252,2022-12-02,neutral
3253,2022-12-05,neutral
3254,2022-12-06,neutral
3255,2022-12-07,neutral
3256,2022-12-08,neutral
3257,2022-12-09,neutral
3258,2022-12-12,neutral
3259,2022-12-13,neutral
3260,2022-12-14,neutral
3261,2022-12-15,neutral
3262,2022-12-16,neutral
3263,2022-12-19,bear
3264,2022-12-20,neutral
3265,2022-12-21,neutral
3266,2022-12-22,neutral
3267,2022-12-23,neutral
3268,2022-12-27,neutral
3269,2022-12-28,bear
3270,2022-12-29,neutral
3271,2022-12-30,neutral
3272,2023-01-03,neutral
3273,2023-01-04,neutral
3274,2023-01-05,neutral
3275,2023-01-06,neutral
3276,2023-01-09,neutral
3277,2023-01-10,neutral
3278,2023-01-11,neutral
3279,2023-01-12,neutral
3280,2023-01-13,neutral
3281,2023-01-17,neutral
3282,2023-01-18,neutral
3283,2023-01-19,neutral
3284,2023-01-20,neutral
3285,2023-01-23,neutral
3286,2023-01-24,neutral
3287,2023-01-25,neutral
3288,2023-01-26,neutral
3289,2023-01-27,neutral
3290,2023-01-30,neutral
3291,2023-01-31,neutral
3292,2023-02-01,neutral
3293,2023-02-02,bull
3294,2023-02-03,neutral
3295,2023-02-06,neutral
3296,2023-02-07,bull
3297,2023-02-08,neutral
3298,2023-02-09,neutral
3299,2023-02-10,neutral
3300,2023-02-13,neutral
3301,2023-02-14,neutral
3302,2023-02-15,bull
3303,2023-02-16,neutral
3304,2023-02-17,neutral
3305,2023-02-21,neutral
3306,2023-02-22,neutral
3307,2023-02-23,neutral
3308,2023-02-24,neutral
3309,2023-02-27,neutral
3310,2023-02-28,neutral
3311,2023-03-01,neutral
3312,2023-03-02,neutral
3313,2023-03-03,neutral
3314,2023-03-06,neutral
3315,2023-03-07,neutral
3316,2023-03-08,neutral
3317,2023-03-09,neutral
3318,2023-03-10,neutral
3319,2023-03-13,neutral
3320,2023-03-14,neutral
3321,2023-03-15,neutral
3322,2023-03-16,neutral
3323,2023-03-17,neutral
3324,2023-03-20,neutral
3325,2023-03-21,neutral
3326,2023-03-22,neutral
3327,2023-03-23,neutral
3328,2023-03-24,neutral
3329,2023-03-27,neutral
3330,2023-03-28,neutral
3331,2023-03-29,neutral
3332,2023-03-30,neutral
3333,2023-03-31,neutral
3334,2023-04-03,neutral
3335,2023-04-04,neutral
3336,2023-04-05,neutral
3337,2023-04-06,neutral
3338,2023-04-10,neutral
3339,2023-04-11,neutral
3340,2023-04-12,neutral
3341,2023-04-13,bull
3342,2023-04-14,neutral
3343,2023-04-17,bull
3344,2023-04-18,bull
3345,2023-04-19,bull
3346,2023-04-20,neutral
3347,2023-04-21,neutral
3348,2023-04-24,neutral
3349,2023-04-25,neutral
3350,2023-04-26,neutral
3351,2023-04-27,neutral
3352,2023-04-28,bull
3353,2023-05-01,bull
3354,2023-05-02,neutral
3355,2023-05-03,neutral
3356,2023-05-04,neutral
3357,2023-05-05,neutral
3358,2023-05-08,neutral
3359,2023-05-09,neutral
3360,2023-05-10,neutral
3361,2023-05-11,neutral
3362,2023-05-12,neutral
3363,2023-05-15,neutral
3364,2023-05-16,neutral
3365,2023-05-17,neutral
3366,2023-05-18,bull
3367,2023-05-19,bull
3368,2023-05-22,bull
3369,2023-05-23,neutral
3370,2023-05-24,neutral
3371,2023-05-25,neutral
3372,2023-05-26,bull
3373,2023-05-30,bull
3374,2023-05-31,bull
3375,2023-06-01,bull
3376,2023-06-02,bull
3377,2023-06-05,bull
3378,2023-06-06,bull
3379,2023-06-07,bull
3380,2023-06-08,bull
3381,2023-06-09,bull
3382,2023-06-12,bull
3383,2023-06-13,bull
3384,2023-06-14,bull
3385,2023-06-15,bull
3386,2023-06-16,bull
3387,2023-06-20,bull
3388,2023-06-21,bull
3389,2023-06-22,bull
3390,2023-06-23,bull
3391,2023-06-26,bull
3392,2023-06-27,bull
3393,2023-06-28,bull
3394,2023-06-29,bull
3395,2023-06-30,bull
3396,2023-07-03,bull
3397,2023-07-05,bull
3398,2023-07-06,bull
3399,2023-07-07,bull
3400,2023-07-10,bull
3401,2023-07-11,bull
3402,2023-07-12,bull
3403,2023-07-13,bull
3404,2023-07-14,bull
3405,2023-07-17,bull
3406,2023-07-18,bull
3407,2023-07-19,bull
3408,2023-07-20,bull
3409,2023-07-21,bull
3410,2023-07-24,bull
3411,2023-07-25,bull
3412,2023-07-26,bull
3413,2023-07-27,bull
3414,2023-07-28,bull
3415,2023-07-31,bull
3416,2023-08-01,bull
3417,2023-08-02,bull
3418,2023-08-03,bull
3419,2023-08-04,bull
3420,2023-08-07,bull
3421,2023-08-08,bull
3422,2023-08-09,bull
3423,2023-08-10,bull
3424,2023-08-11,bull
3425,2023-08-14,bull
3426,2023-08-15,bull
3427,2023-08-16,bull
3428,2023-08-17,bull
3429,2023-08-18,bull
3430,2023-08-21,bull
3431,2023-08-22,bull
3432,2023-08-23,bull
3433,2023-08-24,bull
3434,2023-08-25,bull
3435,2023-08-28,bull
3436,2023-08-29,bull
3437,2023-08-30,bull
3438,2023-08-31,bull
3439,2023-09-01,bull
3440,2023-09-05,bull
3441,2023-09-06,bull
3442,2023-09-07,bull
3443,2023-09-08,bull
3444,2023-09-11,bull
3445,2023-09-12,bull
3446,2023-09-13,bull
3447,2023-09-14,bull
3448,2023-09-15,bull
3449,2023-09-18,bull
3450,2023-09-19,bull
3451,2023-09-20,bull
3452,2023-09-21,neutral
3453,2023-09-22,neutral
3454,2023-09-25,neutral
3455,2023-09-26,neutral
3456,2023-09-27,neutral
3457,2023-09-28,neutral
3458,2023-09-29,neutral
3459,2023-10-02,neutral
3460,2023-10-03,neutral
3461,2023-10-04,neutral
3462,2023-10-05,neutral
3463,2023-10-06,neutral
3464,2023-10-09,neutral
3465,2023-10-10,neutral
3466,2023-10-11,neutral
3467,2023-10-12,neutral
3468,2023-10-13,neutral
3469,2023-10-16,neutral
3470,2023-10-17,neutral
3471,2023-10-18,neutral
3472,2023-10-19,neutral
3473,2023-10-20,neutral
3474,2023-10-23,neutral
3475,2023-10-24,neutral
3476,2023-10-25,neutral
3477,2023-10-26,neutral
3478,2023-10-27,neutral
3479,2023-10-30,neutral
3480,2023-10-31,neutral
3481,2023-11-01,neutral
3482,2023-11-02,neutral
3483,2023-11-03,neutral
3484,2023-11-06,neutral
3485,2023-11-07,neutral
3486,2023-11-08,neutral
3487,2023-11-09,neutral
3488,2023-11-10,neutral
3489,2023-11-13,neutral
3490,2023-11-14,bull
3491,2023-11-15,bull
3492,2023-11-16,bull
3493,2023-11-17,bull
3494,2023-11-20,bull
3495,2023-11-21,bull
3496,2023-11-22,bull
3497,2023-11-24,bull
3498,2023-11-27,bull
3499,2023-11-28,bull
3500,2023-11-29,bull
3501,2023-11-30,bull
3502,2023-12-01,bull
3503,2023-12-04,bull
3504,2023-12-05,bull
3505,2023-12-06,bull
3506,2023-12-07,bull
3507,2023-12-08,bull
3508,2023-12-11,bull
3509,2023-12-12,bull
3510,2023-12-13,bull
3511,2023-12-14,bull
3512,2023-12-15,bull
3513,2023-12-18,bull
3514,2023-12-19,bull
3515,2023-12-20,bull
3516,2023-12-21,bull
3517,2023-12-22,bull
3518,2023-12-26,bull
3519,2023-12-27,bull
3520,2023-12-28,bull
3521,2023-12-29,bull
