Price,Date,volume
Ticker,,^GSPC
0,2010-01-04,3991400000
1,2010-01-05,2491020000
2,2010-01-06,4972660000
3,2010-01-07,5270680000
4,2010-01-08,4389590000
5,2010-01-11,4255780000
6,2010-01-12,4716160000
7,2010-01-13,4170360000
8,2010-01-14,3915200000
9,2010-01-15,4758730000
10,2010-01-19,4724830000
11,2010-01-20,4810560000
12,2010-01-21,6874290000
13,2010-01-22,6208650000
14,2010-01-25,4481390000
15,2010-01-26,4731910000
16,2010-01-27,5319120000
17,2010-01-28,5452400000
18,2010-01-29,5412850000
19,2010-02-01,4077610000
20,2010-02-02,4749540000
21,2010-02-03,4285450000
22,2010-02-04,5859690000
23,2010-02-05,6438900000
24,2010-02-08,4089820000
25,2010-02-09,5114260000
26,2010-02-10,4251450000
27,2010-02-11,4400870000
28,2010-02-12,4160680000
29,2010-02-16,4080770000
30,2010-02-17,4259230000
31,2010-02-18,3878620000
32,2010-02-19,3944280000
33,2010-02-22,3814440000
34,2010-02-23,4521050000
35,2010-02-24,4168360000
36,2010-02-25,4521130000
37,2010-02-26,3945190000
38,2010-03-01,3847640000
39,2010-03-02,4134680000
40,2010-03-03,3951320000
41,2010-03-04,3945010000
42,2010-03-05,4133000000
43,2010-03-08,3774680000
44,2010-03-09,5185570000
45,2010-03-10,5469120000
46,2010-03-11,4669060000
47,2010-03-12,4928160000
48,2010-03-15,4164110000
49,2010-03-16,4369770000
50,2010-03-17,4963200000
51,2010-03-18,4234510000
52,2010-03-19,5212410000
53,2010-03-22,4261680000
54,2010-03-23,4411640000
55,2010-03-24,4705750000
56,2010-03-25,5668900000
57,2010-03-26,4708420000
58,2010-03-29,4375580000
59,2010-03-30,4085000000
60,2010-03-31,4484340000
61,2010-04-01,4006870000
62,2010-04-05,3881620000
63,2010-04-06,4086180000
64,2010-04-07,5101430000
65,2010-04-08,4726970000
66,2010-04-09,4511570000
67,2010-04-12,4607090000
68,2010-04-13,5403580000
69,2010-04-14,5760040000
70,2010-04-15,5995330000
71,2010-04-16,8108470000
72,2010-04-19,6597740000
73,2010-04-20,5316590000
74,2010-04-21,5724310000
75,2010-04-22,6035780000
76,2010-04-23,5326060000
77,2010-04-26,5647760000
78,2010-04-27,7454540000
79,2010-04-28,6342310000
80,2010-04-29,6059410000
81,2010-04-30,6048260000
82,2010-05-03,4938050000
83,2010-05-04,6594720000
84,2010-05-05,6795940000
85,2010-05-06,10617810000
86,2010-05-07,9472910000
87,2010-05-10,6893700000
88,2010-05-11,5842550000
89,2010-05-12,5225460000
90,2010-05-13,4870640000
91,2010-05-14,6126400000
92,2010-05-17,5922920000
93,2010-05-18,6170840000
94,2010-05-19,6765800000
95,2010-05-20,8328570000
96,2010-05-21,5452130000
97,2010-05-24,5224040000
98,2010-05-25,7329580000
99,2010-05-26,4521050000
100,2010-05-27,5698460000
101,2010-05-28,4871210000
102,2010-06-01,5271480000
103,2010-06-02,5026360000
104,2010-06-03,4995970000
105,2010-06-04,6180580000
106,2010-06-07,5467560000
107,2010-06-08,6192750000
108,2010-06-09,5983200000
109,2010-06-10,5144780000
110,2010-06-11,4059280000
111,2010-06-14,4425830000
112,2010-06-15,4644490000
113,2010-06-16,5002600000
114,2010-06-17,4557760000
115,2010-06-18,4555360000
116,2010-06-21,4514360000
117,2010-06-22,4514380000
118,2010-06-23,4526150000
119,2010-06-24,4814830000
120,2010-06-25,5128840000
121,2010-06-28,3896410000
122,2010-06-29,6136700000
123,2010-06-30,5067080000
124,2010-07-01,6435770000
125,2010-07-02,3968500000
126,2010-07-06,4691240000
127,2010-07-07,4931220000
128,2010-07-08,4548460000
129,2010-07-09,3506570000
130,2010-07-12,3426990000
131,2010-07-13,4640460000
132,2010-07-14,4521050000
133,2010-07-15,4552470000
134,2010-07-16,5297350000
135,2010-07-19,4089500000
136,2010-07-20,4713280000
137,2010-07-21,4747180000
138,2010-07-22,4826900000
139,2010-07-23,4524570000
140,2010-07-26,4009650000
141,2010-07-27,4725690000
142,2010-07-28,4002390000
143,2010-07-29,4612420000
144,2010-07-30,4006450000
145,2010-08-02,4144180000
146,2010-08-03,4071820000
147,2010-08-04,4057850000
148,2010-08-05,3685560000
149,2010-08-06,3857890000
150,2010-08-09,3979360000
151,2010-08-10,3979360000
152,2010-08-11,4511860000
153,2010-08-12,4521050000
154,2010-08-13,3328890000
155,2010-08-16,3142450000
156,2010-08-17,3968210000
157,2010-08-18,3724260000
158,2010-08-19,4290540000
159,2010-08-20,3761570000
160,2010-08-23,3210950000
161,2010-08-24,4436330000
162,2010-08-25,4360190000
163,2010-08-26,3646710000
164,2010-08-27,4102460000
165,2010-08-30,2917990000
166,2010-08-31,4038770000
167,2010-09-01,4396880000
168,2010-09-02,3704210000
169,2010-09-03,3534500000
170,2010-09-07,3107380000
171,2010-09-08,3224640000
172,2010-09-09,3387770000
173,2010-09-10,3061160000
174,2010-09-13,4521050000
175,2010-09-14,4521050000
176,2010-09-15,3369840000
177,2010-09-16,3364080000
178,2010-09-17,4086140000
179,2010-09-20,3364080000
180,2010-09-21,4175660000
181,2010-09-22,3911070000
182,2010-09-23,3847850000
183,2010-09-24,4123950000
184,2010-09-27,3587860000
185,2010-09-28,4025840000
186,2010-09-29,3990280000
187,2010-09-30,4284160000
188,2010-10-01,4298910000
189,2010-10-04,3604110000
190,2010-10-05,4068840000
191,2010-10-06,4073160000
192,2010-10-07,3910550000
193,2010-10-08,3871420000
194,2010-10-11,2505900000
195,2010-10-12,4076170000
196,2010-10-13,4969410000
197,2010-10-14,4969410000
198,2010-10-15,5724910000
199,2010-10-18,4450050000
200,2010-10-19,5600120000
201,2010-10-20,5027880000
202,2010-10-21,4625470000
203,2010-10-22,3177890000
204,2010-10-25,4221380000
205,2010-10-26,4203680000
206,2010-10-27,4335670000
207,2010-10-28,4283460000
208,2010-10-29,3537880000
209,2010-11-01,4129180000
210,2010-11-02,3866200000
211,2010-11-03,4665480000
212,2010-11-04,5695470000
213,2010-11-05,5637460000
214,2010-11-08,3937230000
215,2010-11-09,4848040000
216,2010-11-10,4561300000
217,2010-11-11,3931120000
218,2010-11-12,4213620000
219,2010-11-15,3503370000
220,2010-11-16,5116380000
221,2010-11-17,3904780000
222,2010-11-18,4687260000
223,2010-11-19,3675390000
224,2010-11-22,3689500000
225,2010-11-23,4133070000
226,2010-11-24,3384250000
227,2010-11-26,1613820000
228,2010-11-29,3673450000
229,2010-11-30,4284700000
230,2010-12-01,4548110000
231,2010-12-02,4970800000
232,2010-12-03,3735780000
233,2010-12-06,3527370000
234,2010-12-07,6970630000
235,2010-12-08,4607590000
236,2010-12-09,4522510000
237,2010-12-10,4547310000
238,2010-12-13,4361240000
239,2010-12-14,4132350000
240,2010-12-15,4407340000
241,2010-12-16,4736820000
242,2010-12-17,4632470000
243,2010-12-20,3548140000
244,2010-12-21,3479670000
245,2010-12-22,1285590000
246,2010-12-23,2515020000
247,2010-12-27,1992470000
248,2010-12-28,2478450000
249,2010-12-29,2214380000
250,2010-12-30,1970720000
251,2010-12-31,1799770000
252,2011-01-03,4286670000
253,2011-01-04,4796420000
254,2011-01-05,4764920000
255,2011-01-06,4844100000
256,2011-01-07,4963110000
257,2011-01-10,4036450000
258,2011-01-11,4050750000
259,2011-01-12,4226940000
260,2011-01-13,4310840000
261,2011-01-14,4661590000
262,2011-01-18,5284990000
263,2011-01-19,4743710000
264,2011-01-20,4935320000
265,2011-01-21,4935320000
266,2011-01-24,3902470000
267,2011-01-25,4595380000
268,2011-01-26,4730980000
269,2011-01-27,4309190000
270,2011-01-28,5618630000
271,2011-01-31,4167160000
272,2011-02-01,5164500000
273,2011-02-02,4098260000
274,2011-02-03,4370990000
275,2011-02-04,3925950000
276,2011-02-07,3902270000
277,2011-02-08,3881530000
278,2011-02-09,3922240000
279,2011-02-10,4184610000
280,2011-02-11,4219300000
281,2011-02-14,3567040000
282,2011-02-15,3926860000
283,2011-02-16,1966450000
284,2011-02-17,1966450000
285,2011-02-18,1162310000
286,2011-02-22,1322780000
287,2011-02-23,1330340000
288,2011-02-24,1222900000
289,2011-02-25,3836030000
290,2011-02-28,1252850000
291,2011-03-01,1180420000
292,2011-03-02,1025000000
293,2011-03-03,4340470000
294,2011-03-04,4223740000
295,2011-03-07,3964730000
296,2011-03-08,4531420000
297,2011-03-09,3709520000
298,2011-03-10,4723020000
299,2011-03-11,3740400000
300,2011-03-14,4050370000
301,2011-03-15,5201400000
302,2011-03-16,5833000000
303,2011-03-17,4134950000
304,2011-03-18,4685500000
305,2011-03-21,4223730000
306,2011-03-22,3576550000
307,2011-03-23,3842350000
308,2011-03-24,4223740000
309,2011-03-25,4223740000
310,2011-03-28,3215170000
311,2011-03-29,3482580000
312,2011-03-30,3809570000
313,2011-03-31,3566270000
314,2011-04-01,4223740000
315,2011-04-04,4223740000
316,2011-04-05,3852280000
317,2011-04-06,4223740000
318,2011-04-07,4005600000
319,2011-04-08,3582810000
320,2011-04-11,3478970000
321,2011-04-12,4275490000
322,2011-04-13,3850860000
323,2011-04-14,3872630000
324,2011-04-15,4223740000
325,2011-04-18,4223740000
326,2011-04-19,3886300000
327,2011-04-20,4236280000
328,2011-04-21,3587240000
329,2011-04-25,2142130000
330,2011-04-26,3908060000
331,2011-04-27,4051570000
332,2011-04-28,4036820000
333,2011-04-29,3479070000
334,2011-05-02,3846250000
335,2011-05-03,4223740000
336,2011-05-04,4223740000
337,2011-05-05,3846250000
338,2011-05-06,4223740000
339,2011-05-09,4265250000
340,2011-05-10,4223740000
341,2011-05-11,3846250000
342,2011-05-12,3777210000
343,2011-05-13,3426660000
344,2011-05-16,3846250000
345,2011-05-17,4053970000
346,2011-05-18,3922030000
347,2011-05-19,3626110000
348,2011-05-20,4066020000
349,2011-05-23,3255580000
350,2011-05-24,3846250000
351,2011-05-25,4109670000
352,2011-05-26,3259470000
353,2011-05-27,3124560000
354,2011-05-31,4696240000
355,2011-06-01,4241090000
356,2011-06-02,3762170000
357,2011-06-03,3505030000
358,2011-06-06,3555980000
359,2011-06-07,3846250000
360,2011-06-08,3970810000
361,2011-06-09,3332510000
362,2011-06-10,3846250000
363,2011-06-13,4132520000
364,2011-06-14,3500280000
365,2011-06-15,4070500000
366,2011-06-16,3846250000
367,2011-06-17,4916460000
368,2011-06-20,3464660000
369,2011-06-21,4056150000
370,2011-06-22,3718420000
371,2011-06-23,4983450000
372,2011-06-24,3665340000
373,2011-06-27,3479070000
374,2011-06-28,3681500000
375,2011-06-29,4347540000
376,2011-06-30,4200500000
377,2011-07-01,3796930000
378,2011-07-05,3722320000
379,2011-07-06,3564190000
380,2011-07-07,4069530000
381,2011-07-08,3594360000
382,2011-07-11,3879130000
383,2011-07-12,4227890000
384,2011-07-13,4060080000
385,2011-07-14,4358570000
386,2011-07-15,4242760000
387,2011-07-18,4118160000
388,2011-07-19,4304600000
389,2011-07-20,3767420000
390,2011-07-21,4837430000
391,2011-07-22,3522830000
392,2011-07-25,3536890000
393,2011-07-26,4007050000
394,2011-07-27,3479040000
395,2011-07-28,4951800000
396,2011-07-29,5061190000
397,2011-08-01,4967390000
398,2011-08-02,5206290000
399,2011-08-03,6446940000
400,2011-08-04,4266530000
401,2011-08-05,5454590000
402,2011-08-08,2615150000
403,2011-08-09,2366660000
404,2011-08-10,5018070000
405,2011-08-11,3685050000
406,2011-08-12,5640380000
407,2011-08-15,4272850000
408,2011-08-16,5071600000
409,2011-08-17,4388340000
410,2011-08-18,3234810000
411,2011-08-19,5167560000
412,2011-08-22,5436260000
413,2011-08-23,5013170000
414,2011-08-24,5315310000
415,2011-08-25,5748420000
416,2011-08-26,5035320000
417,2011-08-29,4228070000
418,2011-08-30,4572570000
419,2011-08-31,5267840000
420,2011-09-01,4780410000
421,2011-09-02,4401740000
422,2011-09-06,5103980000
423,2011-09-07,4441040000
424,2011-09-08,4465170000
425,2011-09-09,4586370000
426,2011-09-12,5168550000
427,2011-09-13,4681370000
428,2011-09-14,4986740000
429,2011-09-15,4479730000
430,2011-09-16,5248890000
431,2011-09-19,4254190000
432,2011-09-20,4315610000
433,2011-09-21,4728550000
434,2011-09-22,6703140000
435,2011-09-23,5639930000
436,2011-09-26,4762830000
437,2011-09-27,5548130000
438,2011-09-28,4787920000
439,2011-09-29,5285740000
440,2011-09-30,4416790000
441,2011-10-03,5670340000
442,2011-10-04,3714670000
443,2011-10-05,2510620000
444,2011-10-06,5098330000
445,2011-10-07,5580380000
446,2011-10-10,4446800000
447,2011-10-11,4424500000
448,2011-10-12,5355360000
449,2011-10-13,4436270000
450,2011-10-14,4116690000
451,2011-10-17,4300700000
452,2011-10-18,4840170000
453,2011-10-19,4846390000
454,2011-10-20,4870290000
455,2011-10-21,4980770000
456,2011-10-24,4309380000
457,2011-10-25,4473970000
458,2011-10-26,4873530000
459,2011-10-27,6367610000
460,2011-10-28,4536690000
461,2011-10-31,4310210000
462,2011-11-01,5645540000
463,2011-11-02,4110530000
464,2011-11-03,4849140000
465,2011-11-04,3830650000
466,2011-11-07,3429740000
467,2011-11-08,3908490000
468,2011-11-09,4659740000
469,2011-11-10,4002760000
470,2011-11-11,3370180000
471,2011-11-14,3219680000
472,2011-11-15,3599300000
473,2011-11-16,4085010000
474,2011-11-17,4596450000
475,2011-11-18,3827610000
476,2011-11-21,4050070000
477,2011-11-22,3911710000
478,2011-11-23,3798940000
479,2011-11-25,1664200000
480,2011-11-28,3920750000
481,2011-11-29,3992650000
482,2011-11-30,5801910000
483,2011-12-01,3818680000
484,2011-12-02,4144310000
485,2011-12-05,4148060000
486,2011-12-06,3734230000
487,2011-12-07,4160540000
488,2011-12-08,4298370000
489,2011-12-09,3830610000
490,2011-12-12,3600570000
491,2011-12-13,4121570000
492,2011-12-14,4298290000
493,2011-12-15,3810340000
494,2011-12-16,5345800000
495,2011-12-19,3659820000
496,2011-12-20,4055590000
497,2011-12-21,2959020000
498,2011-12-22,3492250000
499,2011-12-23,2233830000
500,2011-12-27,2130590000
501,2011-12-28,2349980000
502,2011-12-29,2278130000
503,2011-12-30,2271850000
504,2012-01-03,3943710000
505,2012-01-04,3592580000
506,2012-01-05,4315950000
507,2012-01-06,3656830000
508,2012-01-09,3371600000
509,2012-01-10,4221960000
510,2012-01-11,3968120000
511,2012-01-12,4019890000
512,2012-01-13,3692370000
513,2012-01-17,4010490000
514,2012-01-18,4096160000
515,2012-01-19,4465890000
516,2012-01-20,3912620000
517,2012-01-23,3770910000
518,2012-01-24,3693560000
519,2012-01-25,4410910000
520,2012-01-26,4522070000
521,2012-01-27,4007380000
522,2012-01-30,3659010000
523,2012-01-31,4235550000
524,2012-02-01,4504360000
525,2012-02-02,4120920000
526,2012-02-03,4608550000
527,2012-02-06,3379700000
528,2012-02-07,3742460000
529,2012-02-08,4096730000
530,2012-02-09,4209890000
531,2012-02-10,3877580000
532,2012-02-13,3618040000
533,2012-02-14,3889520000
534,2012-02-15,4080340000
535,2012-02-16,4108880000
536,2012-02-17,3717640000
537,2012-02-21,3795200000
538,2012-02-22,3633710000
539,2012-02-23,3786450000
540,2012-02-24,3505360000
541,2012-02-27,3648890000
542,2012-02-28,3579120000
543,2012-02-29,4482370000
544,2012-03-01,3919240000
545,2012-03-02,3283490000
546,2012-03-05,3429480000
547,2012-03-06,4191060000
548,2012-03-07,3580380000
549,2012-03-08,3543060000
550,2012-03-09,3639470000
551,2012-03-12,3081870000
552,2012-03-13,4386470000
553,2012-03-14,4502280000
554,2012-03-15,4271650000
555,2012-03-16,5163950000
556,2012-03-19,3932570000
557,2012-03-20,3695280000
558,2012-03-21,3573590000
559,2012-03-22,3740590000
560,2012-03-23,3472950000
561,2012-03-26,3576950000
562,2012-03-27,3513640000
563,2012-03-28,3892800000
564,2012-03-29,3832000000
565,2012-03-30,3676890000
566,2012-04-02,3572010000
567,2012-04-03,3822090000
568,2012-04-04,3938290000
569,2012-04-05,3303740000
570,2012-04-09,3468980000
571,2012-04-10,4631730000
572,2012-04-11,3743040000
573,2012-04-12,3618280000
574,2012-04-13,3631160000
575,2012-04-16,3574780000
576,2012-04-17,3456200000
577,2012-04-18,3463140000
578,2012-04-19,4180020000
579,2012-04-20,3833320000
580,2012-04-23,3654860000
581,2012-04-24,3617100000
582,2012-04-25,3998430000
583,2012-04-26,4034700000
584,2012-04-27,3645830000
585,2012-04-30,3574010000
586,2012-05-01,3807950000
587,2012-05-02,3803860000
588,2012-05-03,4004910000
589,2012-05-04,3975140000
590,2012-05-07,3559390000
591,2012-05-08,4261670000
592,2012-05-09,4288540000
593,2012-05-10,3727990000
594,2012-05-11,3869070000
595,2012-05-14,3688120000
596,2012-05-15,4114040000
597,2012-05-16,4280420000
598,2012-05-17,4664280000
599,2012-05-18,4512470000
600,2012-05-21,3786750000
601,2012-05-22,4123680000
602,2012-05-23,4108330000
603,2012-05-24,3937670000
604,2012-05-25,2872660000
605,2012-05-29,3441640000
606,2012-05-30,3534290000
607,2012-05-31,4557620000
608,2012-06-01,4669350000
609,2012-06-04,4011960000
610,2012-06-05,3403230000
611,2012-06-06,4268360000
612,2012-06-07,4258140000
613,2012-06-08,3497190000
614,2012-06-11,3537530000
615,2012-06-12,3442920000
616,2012-06-13,3506510000
617,2012-06-14,3687720000
618,2012-06-15,4401570000
619,2012-06-18,3259430000
620,2012-06-19,3815350000
621,2012-06-20,3695700000
622,2012-06-21,4094470000
623,2012-06-22,5271490000
624,2012-06-25,3501820000
625,2012-06-26,3412940000
626,2012-06-27,3286910000
627,2012-06-28,3969370000
628,2012-06-29,4590480000
629,2012-07-02,3301650000
630,2012-07-03,2116390000
631,2012-07-05,3041520000
632,2012-07-06,2745140000
633,2012-07-09,2904860000
634,2012-07-10,3470600000
635,2012-07-11,3426290000
636,2012-07-12,3654440000
637,2012-07-13,3212930000
638,2012-07-16,2862720000
639,2012-07-17,3566680000
640,2012-07-18,3642630000
641,2012-07-19,4043360000
642,2012-07-20,3925020000
643,2012-07-23,3717180000
644,2012-07-24,3891290000
645,2012-07-25,3719170000
646,2012-07-26,4429300000
647,2012-07-27,4399010000
648,2012-07-30,3212060000
649,2012-07-31,3821570000
650,2012-08-01,4440920000
651,2012-08-02,4193740000
652,2012-08-03,3751170000
653,2012-08-06,3122050000
654,2012-08-07,3682490000
655,2012-08-08,3221790000
656,2012-08-09,3119610000
657,2012-08-10,2767980000
658,2012-08-13,2499990000
659,2012-08-14,2930900000
660,2012-08-15,2655750000
661,2012-08-16,3114100000
662,2012-08-17,2922990000
663,2012-08-20,2766320000
664,2012-08-21,3282950000
665,2012-08-22,3062690000
666,2012-08-23,3008240000
667,2012-08-24,2598790000
668,2012-08-27,2472500000
669,2012-08-28,2629090000
670,2012-08-29,2571220000
671,2012-08-30,2530280000
672,2012-08-31,2938250000
673,2012-09-04,3200310000
674,2012-09-05,3389110000
675,2012-09-06,3952870000
676,2012-09-07,3717620000
677,2012-09-10,3223670000
678,2012-09-11,3509630000
679,2012-09-12,3641200000
680,2012-09-13,4606550000
681,2012-09-14,5041990000
682,2012-09-17,3482430000
683,2012-09-18,3377390000
684,2012-09-19,3451360000
685,2012-09-20,3382520000
686,2012-09-21,4833870000
687,2012-09-24,3008920000
688,2012-09-25,3739900000
689,2012-09-26,3565380000
690,2012-09-27,3150330000
691,2012-09-28,3509230000
692,2012-10-01,3505080000
693,2012-10-02,3321790000
694,2012-10-03,3531640000
695,2012-10-04,3615860000
696,2012-10-05,3172940000
697,2012-10-08,2328720000
698,2012-10-09,3216320000
699,2012-10-10,3225060000
700,2012-10-11,3672540000
701,2012-10-12,3134750000
702,2012-10-15,3483810000
703,2012-10-16,3568770000
704,2012-10-17,3655320000
705,2012-10-18,3880030000
706,2012-10-19,3875170000
707,2012-10-22,3216220000
708,2012-10-23,3587670000
709,2012-10-24,3385970000
710,2012-10-25,3512640000
711,2012-10-26,3284910000
712,2012-10-31,3577110000
713,2012-11-01,3929890000
714,2012-11-02,3732480000
715,2012-11-05,2921040000
716,2012-11-06,3306970000
717,2012-11-07,4356490000
718,2012-11-08,3779520000
719,2012-11-09,3647350000
720,2012-11-12,2567540000
721,2012-11-13,3455550000
722,2012-11-14,4109510000
723,2012-11-15,3928870000
724,2012-11-16,4045910000
725,2012-11-19,3374800000
726,2012-11-20,3207160000
727,2012-11-21,2667090000
728,2012-11-23,1504960000
729,2012-11-26,2948960000
730,2012-11-27,3323120000
731,2012-11-28,3359250000
732,2012-11-29,3356850000
733,2012-11-30,3966000000
734,2012-12-03,3074280000
735,2012-12-04,3247710000
736,2012-12-05,4253920000
737,2012-12-06,3229700000
738,2012-12-07,3125160000
739,2012-12-10,2999430000
740,2012-12-11,3650230000
741,2012-12-12,3709050000
742,2012-12-13,3349960000
743,2012-12-14,3210170000
744,2012-12-17,3455610000
745,2012-12-18,4302240000
746,2012-12-19,3869800000
747,2012-12-20,3686580000
748,2012-12-21,5229160000
749,2012-12-24,1248960000
750,2012-12-26,2285030000
751,2012-12-27,2830180000
752,2012-12-28,2426680000
753,2012-12-31,3204330000
754,2013-01-02,4202600000
755,2013-01-03,3829730000
756,2013-01-04,3424290000
757,2013-01-07,3304970000
758,2013-01-08,3601600000
759,2013-01-09,3674390000
760,2013-01-10,4081840000
761,2013-01-11,3340650000
762,2013-01-14,3003010000
763,2013-01-15,3135350000
764,2013-01-16,3384080000
765,2013-01-17,3706710000
766,2013-01-18,3795740000
767,2013-01-22,3570950000
768,2013-01-23,3552010000
769,2013-01-24,3699430000
770,2013-01-25,3476290000
771,2013-01-28,3388540000
772,2013-01-29,3949640000
773,2013-01-30,3726810000
774,2013-01-31,3999880000
775,2013-02-01,3836320000
776,2013-02-04,3390000000
777,2013-02-05,3618360000
778,2013-02-06,3611570000
779,2013-02-07,3614580000
780,2013-02-08,2986150000
781,2013-02-11,2684100000
782,2013-02-12,3414370000
783,2013-02-13,3385880000
784,2013-02-14,3759740000
785,2013-02-15,3838510000
786,2013-02-19,3748910000
787,2013-02-20,4240570000
788,2013-02-21,4274600000
789,2013-02-22,3419320000
790,2013-02-25,4011050000
791,2013-02-26,3975280000
792,2013-02-27,3551850000
793,2013-02-28,3912320000
794,2013-03-01,3695610000
795,2013-03-04,3414430000
796,2013-03-05,3610690000
797,2013-03-06,3676890000
798,2013-03-07,3634710000
799,2013-03-08,3652260000
800,2013-03-11,3091080000
801,2013-03-12,3274910000
802,2013-03-13,3073830000
803,2013-03-14,3459260000
804,2013-03-15,5175850000
805,2013-03-18,3164560000
806,2013-03-19,3796210000
807,2013-03-20,3349090000
808,2013-03-21,3243270000
809,2013-03-22,2948380000
810,2013-03-25,3178170000
811,2013-03-26,2869260000
812,2013-03-27,2914210000
813,2013-03-28,3304440000
814,2013-04-01,2753110000
815,2013-04-02,3312160000
816,2013-04-03,4060610000
817,2013-04-04,3350670000
818,2013-04-05,3515410000
819,2013-04-08,2887120000
820,2013-04-09,3252780000
821,2013-04-10,3453350000
822,2013-04-11,3393950000
823,2013-04-12,3206290000
824,2013-04-15,4660130000
825,2013-04-16,3654700000
826,2013-04-17,4250310000
827,2013-04-18,3890800000
828,2013-04-19,3569870000
829,2013-04-22,2979880000
830,2013-04-23,3565150000
831,2013-04-24,3598240000
832,2013-04-25,3908580000
833,2013-04-26,3198620000
834,2013-04-29,2891200000
835,2013-04-30,3745070000
836,2013-05-01,3530320000
837,2013-05-02,3366950000
838,2013-05-03,3603910000
839,2013-05-06,3062240000
840,2013-05-07,3309580000
841,2013-05-08,3554700000
842,2013-05-09,3457400000
843,2013-05-10,3086470000
844,2013-05-13,2910600000
845,2013-05-14,3457790000
846,2013-05-15,3657440000
847,2013-05-16,3513130000
848,2013-05-17,3440710000
849,2013-05-20,3275080000
850,2013-05-21,3513560000
851,2013-05-22,4361020000
852,2013-05-23,3945510000
853,2013-05-24,2758080000
854,2013-05-28,3457400000
855,2013-05-29,3587140000
856,2013-05-30,3498620000
857,2013-05-31,4099600000
858,2013-06-03,3952070000
859,2013-06-04,3653840000
860,2013-06-05,3632350000
861,2013-06-06,3547380000
862,2013-06-07,3371990000
863,2013-06-10,2978730000
864,2013-06-11,3435710000
865,2013-06-12,3202550000
866,2013-06-13,3378620000
867,2013-06-14,2939400000
868,2013-06-17,3137080000
869,2013-06-18,3120980000
870,2013-06-19,3545060000
871,2013-06-20,4858850000
872,2013-06-21,5797280000
873,2013-06-24,4733660000
874,2013-06-25,3761170000
875,2013-06-26,3558340000
876,2013-06-27,3364540000
877,2013-06-28,4977190000
878,2013-07-01,3104690000
879,2013-07-02,3317130000
880,2013-07-03,1966050000
881,2013-07-05,2634140000
882,2013-07-08,3514590000
883,2013-07-09,3155360000
884,2013-07-10,3011010000
885,2013-07-11,3446340000
886,2013-07-12,3039070000
887,2013-07-15,2623200000
888,2013-07-16,3081710000
889,2013-07-17,3153440000
890,2013-07-18,3452370000
891,2013-07-19,3302580000
892,2013-07-22,2779130000
893,2013-07-23,3096180000
894,2013-07-24,3336120000
895,2013-07-25,3322500000
896,2013-07-26,2762770000
897,2013-07-29,2840520000
898,2013-07-30,3320530000
899,2013-07-31,3847390000
900,2013-08-01,3775170000
901,2013-08-02,3136630000
902,2013-08-05,2529300000
903,2013-08-06,3141210000
904,2013-08-07,3010230000
905,2013-08-08,3271660000
906,2013-08-09,2957670000
907,2013-08-12,2789160000
908,2013-08-13,3035560000
909,2013-08-14,2871430000
910,2013-08-15,3426690000
911,2013-08-16,3211450000
912,2013-08-19,2904530000
913,2013-08-20,2994090000
914,2013-08-21,2932180000
915,2013-08-22,2537460000
916,2013-08-23,2582670000
917,2013-08-26,2430670000
918,2013-08-27,3219190000
919,2013-08-28,2784010000
920,2013-08-29,2527550000
921,2013-08-30,2734300000
922,2013-09-03,3731610000
923,2013-09-04,3312150000
924,2013-09-05,2957110000
925,2013-09-06,3123880000
926,2013-09-09,3102780000
927,2013-09-10,3691800000
928,2013-09-11,3135460000
929,2013-09-12,3106290000
930,2013-09-13,2736500000
931,2013-09-16,3079800000
932,2013-09-17,2774240000
933,2013-09-18,3989760000
934,2013-09-19,3740130000
935,2013-09-20,5074030000
936,2013-09-23,3126950000
937,2013-09-24,3268930000
938,2013-09-25,3148730000
939,2013-09-26,2813930000
940,2013-09-27,2951700000
941,2013-09-30,3308630000
942,2013-10-01,3238690000
943,2013-10-02,3148600000
944,2013-10-03,3279650000
945,2013-10-04,2880270000
946,2013-10-07,2678490000
947,2013-10-08,3569230000
948,2013-10-09,3577840000
949,2013-10-10,3362300000
950,2013-10-11,2944670000
951,2013-10-14,2580580000
952,2013-10-15,3327740000
953,2013-10-16,3486180000
954,2013-10-17,3453590000
955,2013-10-18,3664890000
956,2013-10-21,3052710000
957,2013-10-22,3850840000
958,2013-10-23,3713380000
959,2013-10-24,3671700000
960,2013-10-25,3175720000
961,2013-10-28,3282300000
962,2013-10-29,3358460000
963,2013-10-30,3523040000
964,2013-10-31,3826530000
965,2013-11-01,3686290000
966,2013-11-04,3194870000
967,2013-11-05,3516680000
968,2013-11-06,3322100000
969,2013-11-07,4143200000
970,2013-11-08,3837170000
971,2013-11-11,2534060000
972,2013-11-12,3221030000
973,2013-11-13,3327480000
974,2013-11-14,3139060000
975,2013-11-15,3254820000
976,2013-11-18,3168520000
977,2013-11-19,3224450000
978,2013-11-20,3109140000
979,2013-11-21,3256630000
980,2013-11-22,3055140000
981,2013-11-25,2998540000
982,2013-11-26,3427120000
983,2013-11-27,2613590000
984,2013-11-29,1598300000
985,2013-12-02,3095430000
986,2013-12-03,3475680000
987,2013-12-04,3610540000
988,2013-12-05,3336880000
989,2013-12-06,3150030000
990,2013-12-09,3129500000
991,2013-12-10,3117150000
992,2013-12-11,3472240000
993,2013-12-12,3306640000
994,2013-12-13,3061070000
995,2013-12-16,3209890000
996,2013-12-17,3270030000
997,2013-12-18,4327770000
998,2013-12-19,3497210000
999,2013-12-20,5097700000
1000,2013-12-23,2851540000
1001,2013-12-24,1307630000
1002,2013-12-26,1982270000
1003,2013-12-27,2052920000
1004,2013-12-30,2293860000
1005,2013-12-31,2312840000
1006,2014-01-02,3080600000
1007,2014-01-03,2774270000
1008,2014-01-06,3294850000
1009,2014-01-07,3511750000
1010,2014-01-08,3652140000
1011,2014-01-09,3581150000
1012,2014-01-10,3335710000
1013,2014-01-13,3591350000
1014,2014-01-14,3353270000
1015,2014-01-15,3777800000
1016,2014-01-16,3491310000
1017,2014-01-17,3626120000
1018,2014-01-21,3782470000
1019,2014-01-22,3374170000
1020,2014-01-23,3972250000
1021,2014-01-24,4618450000
1022,2014-01-27,4045200000
1023,2014-01-28,3437830000
1024,2014-01-29,3964020000
1025,2014-01-30,3547510000
1026,2014-01-31,4059690000
1027,2014-02-03,4726040000
1028,2014-02-04,4068410000
1029,2014-02-05,3984290000
1030,2014-02-06,3825410000
1031,2014-02-07,3775990000
1032,2014-02-10,3312160000
1033,2014-02-11,3699380000
1034,2014-02-12,3326380000
1035,2014-02-13,3289510000
1036,2014-02-14,3114750000
1037,2014-02-18,3421110000
1038,2014-02-19,3661570000
1039,2014-02-20,3404980000
1040,2014-02-21,3403880000
1041,2014-02-24,4014530000
1042,2014-02-25,3515560000
1043,2014-02-26,3716730000
1044,2014-02-27,3547460000
1045,2014-02-28,3917450000
1046,2014-03-03,3428220000
1047,2014-03-04,3765770000
1048,2014-03-05,3392990000
1049,2014-03-06,3360450000
1050,2014-03-07,3564740000
1051,2014-03-10,3021350000
1052,2014-03-11,3392400000
1053,2014-03-12,3270860000
1054,2014-03-13,3670990000
1055,2014-03-14,3285460000
1056,2014-03-17,2860490000
1057,2014-03-18,2930190000
1058,2014-03-19,3289210000
1059,2014-03-20,3327540000
1060,2014-03-21,5270710000
1061,2014-03-24,3409000000
1062,2014-03-25,3200560000
1063,2014-03-26,3480850000
1064,2014-03-27,3733430000
1065,2014-03-28,2955520000
1066,2014-03-31,3274300000
1067,2014-04-01,3336190000
1068,2014-04-02,3131660000
1069,2014-04-03,3055600000
1070,2014-04-04,3583750000
1071,2014-04-07,3801540000
1072,2014-04-08,3721450000
1073,2014-04-09,3308650000
1074,2014-04-10,3758780000
1075,2014-04-11,3743460000
1076,2014-04-14,3111540000
1077,2014-04-15,3736440000
1078,2014-04-16,3155080000
1079,2014-04-17,3341430000
1080,2014-04-21,2642500000
1081,2014-04-22,3215440000
1082,2014-04-23,3085720000
1083,2014-04-24,3191830000
1084,2014-04-25,3213020000
1085,2014-04-28,4034680000
1086,2014-04-29,3647820000
1087,2014-04-30,3779230000
1088,2014-05-01,3416740000
1089,2014-05-02,3159560000
1090,2014-05-05,2733730000
1091,2014-05-06,3327260000
1092,2014-05-07,3632950000
1093,2014-05-08,3393420000
1094,2014-05-09,3025020000
1095,2014-05-12,3005740000
1096,2014-05-13,2915680000
1097,2014-05-14,2822060000
1098,2014-05-15,3552640000
1099,2014-05-16,3173650000
1100,2014-05-19,2664250000
1101,2014-05-20,3007700000
1102,2014-05-21,2777140000
1103,2014-05-22,2759800000
1104,2014-05-23,2396280000
1105,2014-05-27,2911020000
1106,2014-05-28,2976450000
1107,2014-05-29,2709050000
1108,2014-05-30,3263490000
1109,2014-06-02,2509020000
1110,2014-06-03,2867180000
1111,2014-06-04,2793920000
1112,2014-06-05,3113270000
1113,2014-06-06,2864300000
1114,2014-06-09,2812180000
1115,2014-06-10,2702360000
1116,2014-06-11,2710620000
1117,2014-06-12,3040480000
1118,2014-06-13,2598230000
1119,2014-06-16,2926130000
1120,2014-06-17,2971260000
1121,2014-06-18,3065220000
1122,2014-06-19,2952150000
1123,2014-06-20,4336240000
1124,2014-06-23,2717630000
1125,2014-06-24,3089700000
1126,2014-06-25,3106710000
1127,2014-06-26,2778840000
1128,2014-06-27,4290590000
1129,2014-06-30,3037350000
1130,2014-07-01,3188240000
1131,2014-07-02,2851480000
1132,2014-07-03,1998090000
1133,2014-07-07,2681260000
1134,2014-07-08,3302430000
1135,2014-07-09,2858800000
1136,2014-07-10,3165690000
1137,2014-07-11,2684630000
1138,2014-07-14,2744920000
1139,2014-07-15,3328740000
1140,2014-07-16,3390950000
1141,2014-07-17,3381680000
1142,2014-07-18,3106060000
1143,2014-07-21,2611160000
1144,2014-07-22,2890480000
1145,2014-07-23,2869720000
1146,2014-07-24,3203530000
1147,2014-07-25,2638960000
1148,2014-07-28,2803320000
1149,2014-07-29,3183300000
1150,2014-07-30,3448250000
1151,2014-07-31,4193000000
1152,2014-08-01,3789660000
1153,2014-08-04,3072920000
1154,2014-08-05,3462520000
1155,2014-08-06,3539150000
1156,2014-08-07,3230520000
1157,2014-08-08,2902280000
1158,2014-08-11,2784890000
1159,2014-08-12,2611700000
1160,2014-08-13,2718020000
1161,2014-08-14,2609460000
1162,2014-08-15,3023380000
1163,2014-08-18,2638160000
1164,2014-08-19,2656430000
1165,2014-08-20,2579560000
1166,2014-08-21,2638920000
1167,2014-08-22,2301860000
1168,2014-08-25,2233880000
1169,2014-08-26,2451950000
1170,2014-08-27,2344350000
1171,2014-08-28,2282400000
1172,2014-08-29,2259130000
1173,2014-09-02,2819980000
1174,2014-09-03,2809980000
1175,2014-09-04,3072410000
1176,2014-09-05,2818300000
1177,2014-09-08,2789090000
1178,2014-09-09,2882830000
1179,2014-09-10,2912430000
1180,2014-09-11,2941690000
1181,2014-09-12,3206570000
1182,2014-09-15,2776530000
1183,2014-09-16,3160310000
1184,2014-09-17,3209420000
1185,2014-09-18,3235340000
1186,2014-09-19,4880220000
1187,2014-09-22,3349670000
1188,2014-09-23,3279350000
1189,2014-09-24,3313850000
1190,2014-09-25,3273050000
1191,2014-09-26,2929440000
1192,2014-09-29,3094440000
1193,2014-09-30,3951100000
1194,2014-10-01,4188590000
1195,2014-10-02,4012510000
1196,2014-10-03,3560970000
1197,2014-10-06,3358220000
1198,2014-10-07,3687870000
1199,2014-10-08,4441890000
1200,2014-10-09,4344020000
1201,2014-10-10,4550540000
1202,2014-10-13,4352580000
1203,2014-10-14,4812010000
1204,2014-10-15,6090800000
1205,2014-10-16,5073150000
1206,2014-10-17,4482120000
1207,2014-10-20,3331210000
1208,2014-10-21,3987090000
1209,2014-10-22,3761930000
1210,2014-10-23,3789250000
1211,2014-10-24,3078380000
1212,2014-10-27,3538860000
1213,2014-10-28,3653260000
1214,2014-10-29,3740350000
1215,2014-10-30,3586150000
1216,2014-10-31,4292290000
1217,2014-11-03,3555440000
1218,2014-11-04,3956260000
1219,2014-11-05,3766590000
1220,2014-11-06,3669770000
1221,2014-11-07,3704280000
1222,2014-11-10,3284940000
1223,2014-11-11,2958320000
1224,2014-11-12,3246650000
1225,2014-11-13,3455270000
1226,2014-11-14,3227130000
1227,2014-11-17,3152890000
1228,2014-11-18,3416190000
1229,2014-11-19,3390850000
1230,2014-11-20,3128290000
1231,2014-11-21,3916420000
1232,2014-11-24,3128060000
1233,2014-11-25,3392940000
1234,2014-11-26,2745260000
1235,2014-11-28,2504640000
1236,2014-12-01,4159010000
1237,2014-12-02,3686650000
1238,2014-12-03,3612680000
1239,2014-12-04,3408340000
1240,2014-12-05,3419620000
1241,2014-12-08,3800990000
1242,2014-12-09,3970150000
1243,2014-12-10,4114440000
1244,2014-12-11,3917950000
1245,2014-12-12,4157650000
1246,2014-12-15,4361990000
1247,2014-12-16,4958680000
1248,2014-12-17,4942370000
1249,2014-12-18,4703380000
1250,2014-12-19,6465530000
1251,2014-12-22,3369520000
1252,2014-12-23,3043950000
1253,2014-12-24,1416980000
1254,2014-12-26,1735230000
1255,2014-12-29,2452360000
1256,2014-12-30,2440280000
1257,2014-12-31,2606070000
1258,2015-01-02,2708700000
1259,2015-01-05,3799120000
1260,2015-01-06,4460110000
1261,2015-01-07,3805480000
1262,2015-01-08,3934010000
1263,2015-01-09,3364140000
1264,2015-01-12,3456460000
1265,2015-01-13,4107300000
1266,2015-01-14,4378680000
1267,2015-01-15,4276720000
1268,2015-01-16,4056410000
1269,2015-01-20,3944340000
1270,2015-01-21,3730070000
1271,2015-01-22,4176050000
1272,2015-01-23,3573560000
1273,2015-01-26,3465760000
1274,2015-01-27,3329810000
1275,2015-01-28,4067530000
1276,2015-01-29,4127140000
1277,2015-01-30,4568650000
1278,2015-02-02,4008330000
1279,2015-02-03,4615900000
1280,2015-02-04,4141920000
1281,2015-02-05,3821990000
1282,2015-02-06,4232970000
1283,2015-02-09,3549540000
1284,2015-02-10,3669850000
1285,2015-02-11,3596860000
1286,2015-02-12,3788350000
1287,2015-02-13,3527450000
1288,2015-02-17,3361750000
1289,2015-02-18,3370020000
1290,2015-02-19,3247100000
1291,2015-02-20,3281600000
1292,2015-02-23,3093680000
1293,2015-02-24,3199840000
1294,2015-02-25,3312340000
1295,2015-02-26,3408690000
1296,2015-02-27,3547380000
1297,2015-03-02,3409490000
1298,2015-03-03,3262300000
1299,2015-03-04,3421110000
1300,2015-03-05,3103030000
1301,2015-03-06,3853570000
1302,2015-03-09,3349090000
1303,2015-03-10,3668900000
1304,2015-03-11,3406570000
1305,2015-03-12,3405860000
1306,2015-03-13,3498560000
1307,2015-03-16,3295600000
1308,2015-03-17,3221840000
1309,2015-03-18,4128210000
1310,2015-03-19,3305220000
1311,2015-03-20,5554120000
1312,2015-03-23,3267960000
1313,2015-03-24,3189820000
1314,2015-03-25,3521140000
1315,2015-03-26,3510670000
1316,2015-03-27,3008550000
1317,2015-03-30,2917690000
1318,2015-03-31,3376550000
1319,2015-04-01,3543270000
1320,2015-04-02,3095960000
1321,2015-04-06,3302970000
1322,2015-04-07,3065510000
1323,2015-04-08,3265330000
1324,2015-04-09,3172360000
1325,2015-04-10,3156200000
1326,2015-04-13,2908420000
1327,2015-04-14,3301270000
1328,2015-04-15,4013760000
1329,2015-04-16,3434120000
1330,2015-04-17,3627600000
1331,2015-04-20,3000160000
1332,2015-04-21,3243410000
1333,2015-04-22,3348480000
1334,2015-04-23,3636670000
1335,2015-04-24,3375780000
1336,2015-04-27,3438750000
1337,2015-04-28,3546270000
1338,2015-04-29,4074970000
1339,2015-04-30,4509680000
1340,2015-05-01,3379390000
1341,2015-05-04,3091580000
1342,2015-05-05,3793950000
1343,2015-05-06,3792210000
1344,2015-05-07,3676640000
1345,2015-05-08,3399440000
1346,2015-05-11,2992670000
1347,2015-05-12,3139520000
1348,2015-05-13,3374260000
1349,2015-05-14,3225740000
1350,2015-05-15,3092080000
1351,2015-05-18,2888190000
1352,2015-05-19,3296030000
1353,2015-05-20,3025880000
1354,2015-05-21,3070460000
1355,2015-05-22,2571860000
1356,2015-05-26,3342130000
1357,2015-05-27,3127960000
1358,2015-05-28,2980350000
1359,2015-05-29,3927390000
1360,2015-06-01,3011710000
1361,2015-06-02,3049350000
1362,2015-06-03,3099980000
1363,2015-06-04,3200050000
1364,2015-06-05,3243690000
1365,2015-06-08,2917150000
1366,2015-06-09,3034580000
1367,2015-06-10,3414320000
1368,2015-06-11,3128600000
1369,2015-06-12,2719400000
1370,2015-06-15,3061570000
1371,2015-06-16,2919900000
1372,2015-06-17,3222240000
1373,2015-06-18,3520360000
1374,2015-06-19,4449810000
1375,2015-06-22,3030020000
1376,2015-06-23,3091190000
1377,2015-06-24,3102480000
1378,2015-06-25,3214610000
1379,2015-06-26,5025470000
1380,2015-06-29,3678960000
1381,2015-06-30,4078540000
1382,2015-07-01,3727260000
1383,2015-07-02,2996540000
1384,2015-07-06,3486360000
1385,2015-07-07,4458660000
1386,2015-07-08,3608780000
1387,2015-07-09,3446810000
1388,2015-07-10,3065070000
1389,2015-07-13,3096730000
1390,2015-07-14,3002120000
1391,2015-07-15,3261810000
1392,2015-07-16,3227080000
1393,2015-07-17,3362750000
1394,2015-07-20,3245870000
1395,2015-07-21,3343690000
1396,2015-07-22,3694070000
1397,2015-07-23,3772810000
1398,2015-07-24,3870040000
1399,2015-07-27,3836750000
1400,2015-07-28,4117740000
1401,2015-07-29,4038900000
1402,2015-07-30,3579410000
1403,2015-07-31,3681340000
1404,2015-08-03,3476770000
1405,2015-08-04,3546710000
1406,2015-08-05,3968680000
1407,2015-08-06,4246570000
1408,2015-08-07,3602320000
1409,2015-08-10,3514460000
1410,2015-08-11,3708880000
1411,2015-08-12,4269130000
1412,2015-08-13,3221300000
1413,2015-08-14,2795590000
1414,2015-08-17,2867690000
1415,2015-08-18,2949990000
1416,2015-08-19,3512920000
1417,2015-08-20,3922470000
1418,2015-08-21,5018240000
1419,2015-08-24,6612690000
1420,2015-08-25,5183560000
1421,2015-08-26,5338250000
1422,2015-08-27,5006390000
1423,2015-08-28,3949080000
1424,2015-08-31,3915100000
1425,2015-09-01,4371850000
1426,2015-09-02,3742620000
1427,2015-09-03,3520700000
1428,2015-09-04,3167090000
1429,2015-09-08,3548650000
1430,2015-09-09,3652120000
1431,2015-09-10,3626320000
1432,2015-09-11,3218590000
1433,2015-09-14,3000200000
1434,2015-09-15,3239860000
1435,2015-09-16,3630680000
1436,2015-09-17,4183790000
1437,2015-09-18,6021240000
1438,2015-09-21,3269350000
1439,2015-09-22,3808260000
1440,2015-09-23,3190530000
1441,2015-09-24,4091530000
1442,2015-09-25,3721870000
1443,2015-09-28,4326660000
1444,2015-09-29,4132390000
1445,2015-09-30,4525070000
1446,2015-10-01,3983600000
1447,2015-10-02,4378570000
1448,2015-10-05,4334490000
1449,2015-10-06,4202400000
1450,2015-10-07,4666470000
1451,2015-10-08,3939140000
1452,2015-10-09,3706900000
1453,2015-10-12,2893250000
1454,2015-10-13,3401920000
1455,2015-10-14,3644590000
1456,2015-10-15,3746290000
1457,2015-10-16,3595430000
1458,2015-10-19,3287320000
1459,2015-10-20,3331500000
1460,2015-10-21,3627790000
1461,2015-10-22,4430850000
1462,2015-10-23,4108460000
1463,2015-10-26,3385800000
1464,2015-10-27,4216880000
1465,2015-10-28,4698110000
1466,2015-10-29,4008940000
1467,2015-10-30,4256200000
1468,2015-11-02,3760020000
1469,2015-11-03,4272060000
1470,2015-11-04,4078870000
1471,2015-11-05,4051890000
1472,2015-11-06,4369020000
1473,2015-11-09,3882350000
1474,2015-11-10,3821440000
1475,2015-11-11,3692410000
1476,2015-11-12,4016370000
1477,2015-11-13,4278750000
1478,2015-11-16,3741240000
1479,2015-11-17,4427350000
1480,2015-11-18,3926390000
1481,2015-11-19,3628110000
1482,2015-11-20,3929600000
1483,2015-11-23,3587980000
1484,2015-11-24,3884930000
1485,2015-11-25,2852940000
1486,2015-11-27,1466840000
1487,2015-11-30,4275030000
1488,2015-12-01,3712120000
1489,2015-12-02,3950640000
1490,2015-12-03,4306490000
1491,2015-12-04,4214910000
1492,2015-12-07,4043820000
1493,2015-12-08,4173570000
1494,2015-12-09,4385250000
1495,2015-12-10,3715150000
1496,2015-12-11,4301060000
1497,2015-12-14,4612440000
1498,2015-12-15,4353540000
1499,2015-12-16,4635450000
1500,2015-12-17,4327390000
1501,2015-12-18,6683070000
1502,2015-12-21,3760280000
1503,2015-12-22,3520860000
1504,2015-12-23,3484090000
1505,2015-12-24,1411860000
1506,2015-12-28,2492510000
1507,2015-12-29,2542000000
1508,2015-12-30,2367430000
1509,2015-12-31,2655330000
1510,2016-01-04,4304880000
1511,2016-01-05,3706620000
1512,2016-01-06,4336660000
1513,2016-01-07,5076590000
1514,2016-01-08,4664940000
1515,2016-01-11,4607290000
1516,2016-01-12,4887260000
1517,2016-01-13,5087030000
1518,2016-01-14,5241110000
1519,2016-01-15,5468460000
1520,2016-01-19,4928350000
1521,2016-01-20,6416070000
1522,2016-01-21,5078810000
1523,2016-01-22,4901760000
1524,2016-01-25,4401380000
1525,2016-01-26,4357940000
1526,2016-01-27,4754040000
1527,2016-01-28,4693010000
1528,2016-01-29,5497570000
1529,2016-02-01,4322530000
1530,2016-02-02,4463190000
1531,2016-02-03,5172950000
1532,2016-02-04,5193320000
1533,2016-02-05,4929940000
1534,2016-02-08,5636460000
1535,2016-02-09,5183220000
1536,2016-02-10,4471170000
1537,2016-02-11,5500800000
1538,2016-02-12,4696920000
1539,2016-02-16,4570670000
1540,2016-02-17,5011540000
1541,2016-02-18,4436490000
1542,2016-02-19,4142850000
1543,2016-02-22,4054710000
1544,2016-02-23,3890650000
1545,2016-02-24,4317250000
1546,2016-02-25,4118210000
1547,2016-02-26,4348510000
1548,2016-02-29,4588180000
1549,2016-03-01,4819750000
1550,2016-03-02,4666610000
1551,2016-03-03,5081700000
1552,2016-03-04,6049930000
1553,2016-03-07,4968180000
1554,2016-03-08,4641650000
1555,2016-03-09,4038120000
1556,2016-03-10,4376790000
1557,2016-03-11,4078620000
1558,2016-03-14,3487850000
1559,2016-03-15,3560280000
1560,2016-03-16,4057020000
1561,2016-03-17,4530480000
1562,2016-03-18,6503140000
1563,2016-03-21,3376600000
1564,2016-03-22,3418460000
1565,2016-03-23,3639510000
1566,2016-03-24,3407720000
1567,2016-03-28,2809090000
1568,2016-03-29,3822330000
1569,2016-03-30,3590310000
1570,2016-03-31,3715280000
1571,2016-04-01,3749990000
1572,2016-04-04,3485710000
1573,2016-04-05,4154920000
1574,2016-04-06,3750800000
1575,2016-04-07,3801250000
1576,2016-04-08,3359530000
1577,2016-04-11,3567840000
1578,2016-04-12,4239740000
1579,2016-04-13,4191830000
1580,2016-04-14,3765870000
1581,2016-04-15,3701450000
1582,2016-04-18,3316880000
1583,2016-04-19,3896830000
1584,2016-04-20,4184880000
1585,2016-04-21,4175290000
1586,2016-04-22,3790580000
1587,2016-04-25,3319740000
1588,2016-04-26,3557190000
1589,2016-04-27,4100110000
1590,2016-04-28,4309840000
1591,2016-04-29,4704720000
1592,2016-05-02,3841110000
1593,2016-05-03,4173390000
1594,2016-05-04,4058560000
1595,2016-05-05,4008530000
1596,2016-05-06,3796350000
1597,2016-05-09,3788620000
1598,2016-05-10,3600200000
1599,2016-05-11,3821980000
1600,2016-05-12,3782390000
1601,2016-05-13,3579880000
1602,2016-05-16,3501360000
1603,2016-05-17,4108960000
1604,2016-05-18,4101320000
1605,2016-05-19,3846770000
1606,2016-05-20,3507650000
1607,2016-05-23,3055480000
1608,2016-05-24,3627340000
1609,2016-05-25,3859160000
1610,2016-05-26,3230990000
1611,2016-05-27,3079150000
1612,2016-05-31,4514410000
1613,2016-06-01,3525170000
1614,2016-06-02,3632720000
1615,2016-06-03,3627780000
1616,2016-06-06,3442020000
1617,2016-06-07,3534730000
1618,2016-06-08,3562060000
1619,2016-06-09,3290320000
1620,2016-06-10,3515010000
1621,2016-06-13,3392030000
1622,2016-06-14,3759770000
1623,2016-06-15,3544720000
1624,2016-06-16,3628280000
1625,2016-06-17,4952630000
1626,2016-06-20,3467440000
1627,2016-06-21,3232880000
1628,2016-06-22,3168160000
1629,2016-06-23,3297940000
1630,2016-06-24,7597450000
1631,2016-06-27,5431220000
1632,2016-06-28,4385810000
1633,2016-06-29,4241740000
1634,2016-06-30,4622820000
1635,2016-07-01,3458890000
1636,2016-07-05,3658380000
1637,2016-07-06,3909380000
1638,2016-07-07,3604550000
1639,2016-07-08,3607500000
1640,2016-07-11,3253340000
1641,2016-07-12,4097820000
1642,2016-07-13,3502320000
1643,2016-07-14,3465610000
1644,2016-07-15,3122600000
1645,2016-07-18,3009310000
1646,2016-07-19,2968340000
1647,2016-07-20,3211860000
1648,2016-07-21,3438900000
1649,2016-07-22,3023280000
1650,2016-07-25,3057240000
1651,2016-07-26,3442350000
1652,2016-07-27,3995500000
1653,2016-07-28,3664240000
1654,2016-07-29,4038840000
1655,2016-08-01,3505990000
1656,2016-08-02,3848750000
1657,2016-08-03,3786530000
1658,2016-08-04,3709200000
1659,2016-08-05,3663070000
1660,2016-08-08,3327550000
1661,2016-08-09,3334300000
1662,2016-08-10,3254950000
1663,2016-08-11,3423160000
1664,2016-08-12,3000660000
1665,2016-08-15,3078530000
1666,2016-08-16,3196400000
1667,2016-08-17,3388910000
1668,2016-08-18,3300570000
1669,2016-08-19,3084800000
1670,2016-08-22,2777550000
1671,2016-08-23,3041490000
1672,2016-08-24,3148280000
1673,2016-08-25,2969310000
1674,2016-08-26,3342340000
1675,2016-08-29,2654780000
1676,2016-08-30,3006800000
1677,2016-08-31,3766390000
1678,2016-09-01,3392120000
1679,2016-09-02,3091120000
1680,2016-09-06,3447650000
1681,2016-09-07,3319420000
1682,2016-09-08,3727840000
1683,2016-09-09,4233960000
1684,2016-09-12,4010480000
1685,2016-09-13,4141670000
1686,2016-09-14,3664100000
1687,2016-09-15,3373720000
1688,2016-09-16,5014360000
1689,2016-09-19,3141820000
1690,2016-09-20,3117380000
1691,2016-09-21,3685450000
1692,2016-09-22,3523860000
1693,2016-09-23,3289860000
1694,2016-09-26,3199910000
1695,2016-09-27,3414090000
1696,2016-09-28,3860390000
1697,2016-09-29,4215620000
1698,2016-09-30,4158800000
1699,2016-10-03,3113850000
1700,2016-10-04,3716100000
1701,2016-10-05,3883710000
1702,2016-10-06,3438040000
1703,2016-10-07,3578770000
1704,2016-10-10,2881970000
1705,2016-10-11,3393060000
1706,2016-10-12,2959510000
1707,2016-10-13,3538030000
1708,2016-10-14,3187910000
1709,2016-10-17,2832440000
1710,2016-10-18,3172940000
1711,2016-10-19,3364990000
1712,2016-10-20,3339320000
1713,2016-10-21,3456390000
1714,2016-10-24,3359950000
1715,2016-10-25,3756200000
1716,2016-10-26,3778120000
1717,2016-10-27,4209400000
1718,2016-10-28,4028270000
1719,2016-10-31,3926560000
1720,2016-11-01,4539190000
1721,2016-11-02,4289120000
1722,2016-11-03,3892100000
1723,2016-11-04,3841910000
1724,2016-11-07,3739720000
1725,2016-11-08,3921850000
1726,2016-11-09,6267590000
1727,2016-11-10,6458450000
1728,2016-11-11,4993990000
1729,2016-11-14,5373670000
1730,2016-11-15,4548110000
1731,2016-11-16,3847900000
1732,2016-11-17,3811730000
1733,2016-11-18,3580900000
1734,2016-11-21,3611500000
1735,2016-11-22,3960520000
1736,2016-11-23,3419850000
1737,2016-11-25,1584590000
1738,2016-11-28,3515100000
1739,2016-11-29,3709190000
1740,2016-11-30,5538400000
1741,2016-12-01,5067470000
1742,2016-12-02,3782370000
1743,2016-12-05,3898530000
1744,2016-12-06,3857290000
1745,2016-12-07,4504070000
1746,2016-12-08,4203270000
1747,2016-12-09,3886460000
1748,2016-12-12,4038850000
1749,2016-12-13,3875630000
1750,2016-12-14,4409670000
1751,2016-12-15,4173360000
1752,2016-12-16,5928980000
1753,2016-12-19,3252840000
1754,2016-12-20,3306250000
1755,2016-12-21,2854880000
1756,2016-12-22,2880670000
1757,2016-12-23,2021230000
1758,2016-12-27,1989730000
1759,2016-12-28,2402750000
1760,2016-12-29,2338700000
1761,2016-12-30,2671550000
1762,2017-01-03,3773010000
1763,2017-01-04,3768890000
1764,2017-01-05,3785080000
1765,2017-01-06,3342080000
1766,2017-01-09,3219730000
1767,2017-01-10,3640560000
1768,2017-01-11,3625080000
1769,2017-01-12,3466220000
1770,2017-01-13,3090680000
1771,2017-01-17,3586950000
1772,2017-01-18,3317670000
1773,2017-01-19,3168390000
1774,2017-01-20,3536850000
1775,2017-01-23,3155240000
1776,2017-01-24,3816950000
1777,2017-01-25,3849340000
1778,2017-01-26,3611510000
1779,2017-01-27,3137420000
1780,2017-01-30,3595040000
1781,2017-01-31,4089730000
1782,2017-02-01,3919190000
1783,2017-02-02,3809760000
1784,2017-02-03,3605970000
1785,2017-02-06,3112390000
1786,2017-02-07,3452460000
1787,2017-02-08,3611950000
1788,2017-02-09,3681600000
1789,2017-02-10,3496600000
1790,2017-02-13,3352370000
1791,2017-02-14,3528040000
1792,2017-02-15,3785870000
1793,2017-02-16,3675900000
1794,2017-02-17,3516830000
1795,2017-02-21,3587520000
1796,2017-02-22,3473170000
1797,2017-02-23,4021770000
1798,2017-02-24,3832410000
1799,2017-02-27,3584680000
1800,2017-02-28,4212460000
1801,2017-03-01,4347630000
1802,2017-03-02,3824030000
1803,2017-03-03,3556670000
1804,2017-03-06,3251800000
1805,2017-03-07,3526300000
1806,2017-03-08,3814080000
1807,2017-03-09,3718450000
1808,2017-03-10,3434400000
1809,2017-03-13,3166650000
1810,2017-03-14,3173760000
1811,2017-03-15,3909490000
1812,2017-03-16,3368880000
1813,2017-03-17,5179820000
1814,2017-03-20,3061560000
1815,2017-03-21,4278890000
1816,2017-03-22,3575160000
1817,2017-03-23,3262400000
1818,2017-03-24,2978530000
1819,2017-03-27,3242300000
1820,2017-03-28,3369120000
1821,2017-03-29,3107670000
1822,2017-03-30,3159680000
1823,2017-03-31,3356740000
1824,2017-04-03,3418730000
1825,2017-04-04,3208340000
1826,2017-04-05,3780650000
1827,2017-04-06,3203250000
1828,2017-04-07,3054700000
1829,2017-04-10,2792570000
1830,2017-04-11,3120900000
1831,2017-04-12,3201300000
1832,2017-04-13,3146380000
1833,2017-04-17,2826890000
1834,2017-04-18,3272210000
1835,2017-04-19,3521160000
1836,2017-04-20,3648990000
1837,2017-04-21,3524160000
1838,2017-04-24,3711170000
1839,2017-04-25,4005820000
1840,2017-04-26,4111350000
1841,2017-04-27,4099940000
1842,2017-04-28,3721350000
1843,2017-05-01,3201500000
1844,2017-05-02,3861360000
1845,2017-05-03,3896760000
1846,2017-05-04,4367860000
1847,2017-05-05,3543240000
1848,2017-05-08,3429990000
1849,2017-05-09,3657840000
1850,2017-05-10,3649370000
1851,2017-05-11,3727710000
1852,2017-05-12,3304620000
1853,2017-05-15,3490080000
1854,2017-05-16,3421810000
1855,2017-05-17,4164760000
1856,2017-05-18,4319440000
1857,2017-05-19,3831700000
1858,2017-05-22,3176580000
1859,2017-05-23,3216560000
1860,2017-05-24,3389240000
1861,2017-05-25,3538210000
1862,2017-05-26,2806930000
1863,2017-05-30,3205860000
1864,2017-05-31,4518040000
1865,2017-06-01,3860620000
1866,2017-06-02,3465500000
1867,2017-06-05,2916720000
1868,2017-06-06,3376750000
1869,2017-06-07,3576220000
1870,2017-06-08,3735980000
1871,2017-06-09,4029860000
1872,2017-06-12,4031840000
1873,2017-06-13,3278240000
1874,2017-06-14,3558640000
1875,2017-06-15,3371980000
1876,2017-06-16,5299380000
1877,2017-06-19,3271480000
1878,2017-06-20,3422700000
1879,2017-06-21,3599190000
1880,2017-06-22,3477250000
1881,2017-06-23,5282460000
1882,2017-06-26,3243660000
1883,2017-06-27,3564770000
1884,2017-06-28,3479980000
1885,2017-06-29,3869560000
1886,2017-06-30,3366030000
1887,2017-07-03,1901480000
1888,2017-07-05,3368150000
1889,2017-07-06,3368710000
1890,2017-07-07,2929390000
1891,2017-07-10,3009880000
1892,2017-07-11,3108800000
1893,2017-07-12,3176900000
1894,2017-07-13,3068510000
1895,2017-07-14,2738460000
1896,2017-07-17,2800580000
1897,2017-07-18,2974090000
1898,2017-07-19,3063810000
1899,2017-07-20,3223820000
1900,2017-07-21,3066880000
1901,2017-07-24,3019920000
1902,2017-07-25,4116360000
1903,2017-07-26,3597830000
1904,2017-07-27,4035740000
1905,2017-07-28,3302850000
1906,2017-07-31,3475930000
1907,2017-08-01,3470260000
1908,2017-08-02,3487150000
1909,2017-08-03,3662410000
1910,2017-08-04,3239980000
1911,2017-08-07,2935130000
1912,2017-08-08,3347480000
1913,2017-08-09,3310960000
1914,2017-08-10,3635820000
1915,2017-08-11,3161830000
1916,2017-08-14,2824320000
1917,2017-08-15,2922430000
1918,2017-08-16,2956570000
1919,2017-08-17,3164950000
1920,2017-08-18,3426970000
1921,2017-08-21,2803650000
1922,2017-08-22,2780990000
1923,2017-08-23,2796950000
1924,2017-08-24,2849680000
1925,2017-08-25,2593350000
1926,2017-08-28,2682920000
1927,2017-08-29,2739460000
1928,2017-08-30,2637780000
1929,2017-08-31,3353860000
1930,2017-09-01,2712780000
1931,2017-09-05,3502190000
1932,2017-09-06,3400200000
1933,2017-09-07,3365780000
1934,2017-09-08,3308360000
1935,2017-09-11,3293460000
1936,2017-09-12,3234280000
1937,2017-09-13,3371370000
1938,2017-09-14,3422470000
1939,2017-09-15,4862970000
1940,2017-09-18,3204700000
1941,2017-09-19,3253760000
1942,2017-09-20,3584570000
1943,2017-09-21,2965590000
1944,2017-09-22,2877980000
1945,2017-09-25,3314530000
1946,2017-09-26,3070770000
1947,2017-09-27,3485070000
1948,2017-09-28,3173030000
1949,2017-09-29,3220260000
1950,2017-10-02,3226370000
1951,2017-10-03,3073480000
1952,2017-10-04,3020770000
1953,2017-10-05,3059730000
1954,2017-10-06,2898270000
1955,2017-10-09,2486940000
1956,2017-10-10,2962610000
1957,2017-10-11,2991320000
1958,2017-10-12,3157280000
1959,2017-10-13,3150470000
1960,2017-10-16,2918030000
1961,2017-10-17,2901890000
1962,2017-10-18,2999320000
1963,2017-10-19,3019520000
1964,2017-10-20,3394450000
1965,2017-10-23,3214470000
1966,2017-10-24,3435660000
1967,2017-10-25,3885470000
1968,2017-10-26,3891750000
1969,2017-10-27,3896100000
1970,2017-10-30,3660230000
1971,2017-10-31,3844420000
1972,2017-11-01,3841200000
1973,2017-11-02,4050140000
1974,2017-11-03,3568710000
1975,2017-11-06,3541970000
1976,2017-11-07,3815190000
1977,2017-11-08,3898450000
1978,2017-11-09,3844100000
1979,2017-11-10,3489740000
1980,2017-11-13,3405200000
1981,2017-11-14,3643580000
1982,2017-11-15,3586590000
1983,2017-11-16,3329730000
1984,2017-11-17,3309800000
1985,2017-11-20,3023940000
1986,2017-11-21,3351230000
1987,2017-11-22,2764110000
1988,2017-11-24,1385890000
1989,2017-11-27,3017720000
1990,2017-11-28,3493340000
1991,2017-11-29,4090630000
1992,2017-11-30,4965700000
1993,2017-12-01,3950930000
1994,2017-12-04,4025840000
1995,2017-12-05,3547570000
1996,2017-12-06,3253080000
1997,2017-12-07,3297060000
1998,2017-12-08,3126750000
1999,2017-12-11,3141480000
2000,2017-12-12,3568910000
2001,2017-12-13,3568360000
2002,2017-12-14,3442760000
2003,2017-12-15,5736910000
2004,2017-12-18,3727770000
2005,2017-12-19,3407680000
2006,2017-12-20,3246230000
2007,2017-12-21,3293130000
2008,2017-12-22,2401030000
2009,2017-12-26,1970660000
2010,2017-12-27,2202900000
2011,2017-12-28,2174890000
2012,2017-12-29,2447760000
2013,2018-01-02,3397430000
2014,2018-01-03,3544030000
2015,2018-01-04,3697340000
2016,2018-01-05,3239280000
2017,2018-01-08,3246160000
2018,2018-01-09,3467460000
2019,2018-01-10,3579900000
2020,2018-01-11,3645690000
2021,2018-01-12,3587220000
2022,2018-01-16,4362880000
2023,2018-01-17,3790340000
2024,2018-01-18,3703300000
2025,2018-01-19,3724230000
2026,2018-01-22,3489480000
2027,2018-01-23,3541140000
2028,2018-01-24,4079270000
2029,2018-01-25,3873100000
2030,2018-01-26,3474680000
2031,2018-01-29,3587420000
2032,2018-01-30,4012070000
2033,2018-01-31,4276270000
2034,2018-02-01,3977380000
2035,2018-02-02,4340220000
2036,2018-02-05,5310840000
2037,2018-02-06,5917350000
2038,2018-02-07,4646300000
2039,2018-02-08,5333840000
2040,2018-02-09,5690110000
2041,2018-02-12,4069220000
2042,2018-02-13,3503540000
2043,2018-02-14,4011940000
2044,2018-02-15,3696140000
2045,2018-02-16,3646920000
2046,2018-02-20,3646920000
2047,2018-02-21,3789040000
2048,2018-02-22,3720620000
2049,2018-02-23,3200360000
2050,2018-02-26,3436590000
2051,2018-02-27,3752070000
2052,2018-02-28,4244570000
2053,2018-03-01,4514490000
2054,2018-03-02,3891250000
2055,2018-03-05,3733640000
2056,2018-03-06,3389030000
2057,2018-03-07,3406690000
2058,2018-03-08,3206040000
2059,2018-03-09,3376870000
2060,2018-03-12,3216960000
2061,2018-03-13,3324290000
2062,2018-03-14,3394630000
2063,2018-03-15,3543710000
2064,2018-03-16,5429140000
2065,2018-03-19,3327460000
2066,2018-03-20,3272590000
2067,2018-03-21,3434780000
2068,2018-03-22,3765460000
2069,2018-03-23,3829380000
2070,2018-03-26,3538080000
2071,2018-03-27,3761320000
2072,2018-03-28,3875720000
2073,2018-03-29,3572360000
2074,2018-04-02,3635780000
2075,2018-04-03,3395840000
2076,2018-04-04,3369230000
2077,2018-04-05,3230430000
2078,2018-04-06,3312390000
2079,2018-04-09,3076140000
2080,2018-04-10,3579130000
2081,2018-04-11,3054520000
2082,2018-04-12,3045330000
2083,2018-04-13,2988540000
2084,2018-04-16,3020740000
2085,2018-04-17,3286190000
2086,2018-04-18,3412030000
2087,2018-04-19,3375120000
2088,2018-04-20,3428260000
2089,2018-04-23,3030390000
2090,2018-04-24,3716020000
2091,2018-04-25,3563680000
2092,2018-04-26,3690920000
2093,2018-04-27,3234510000
2094,2018-04-30,3749510000
2095,2018-05-01,3562820000
2096,2018-05-02,4047020000
2097,2018-05-03,3867530000
2098,2018-05-04,3335260000
2099,2018-05-07,3266810000
2100,2018-05-08,3745100000
2101,2018-05-09,3913650000
2102,2018-05-10,3380640000
2103,2018-05-11,2874850000
2104,2018-05-14,2994360000
2105,2018-05-15,3291190000
2106,2018-05-16,3248480000
2107,2018-05-17,3478150000
2108,2018-05-18,3383270000
2109,2018-05-21,3053480000
2110,2018-05-22,3384140000
2111,2018-05-23,3333160000
2112,2018-05-24,3285750000
2113,2018-05-25,3015260000
2114,2018-05-29,3743310000
2115,2018-05-30,3566490000
2116,2018-05-31,4241100000
2117,2018-06-01,3694310000
2118,2018-06-04,3410090000
2119,2018-06-05,3523550000
2120,2018-06-06,3662780000
2121,2018-06-07,3742080000
2122,2018-06-08,3138850000
2123,2018-06-11,3262130000
2124,2018-06-12,3435700000
2125,2018-06-13,3820770000
2126,2018-06-14,3540930000
2127,2018-06-15,5451990000
2128,2018-06-18,3316120000
2129,2018-06-19,3671160000
2130,2018-06-20,3332140000
2131,2018-06-21,3336580000
2132,2018-06-22,5468110000
2133,2018-06-25,3663280000
2134,2018-06-26,3568900000
2135,2018-06-27,3803990000
2136,2018-06-28,3461100000
2137,2018-06-29,3586800000
2138,2018-07-02,3095040000
2139,2018-07-03,1911460000
2140,2018-07-05,2980160000
2141,2018-07-06,2590250000
2142,2018-07-09,3070060000
2143,2018-07-10,3080140000
2144,2018-07-11,2986180000
2145,2018-07-12,2834230000
2146,2018-07-13,2619790000
2147,2018-07-16,2819860000
2148,2018-07-17,3064920000
2149,2018-07-18,3111560000
2150,2018-07-19,3278360000
2151,2018-07-20,3243250000
2152,2018-07-23,2928490000
2153,2018-07-24,3430410000
2154,2018-07-25,3584400000
2155,2018-07-26,3667290000
2156,2018-07-27,3434370000
2157,2018-07-30,3261190000
2158,2018-07-31,3906890000
2159,2018-08-01,3501350000
2160,2018-08-02,3501380000
2161,2018-08-03,3043690000
2162,2018-08-06,2879020000
2163,2018-08-07,3185440000
2164,2018-08-08,2978070000
2165,2018-08-09,3066180000
2166,2018-08-10,3265590000
2167,2018-08-13,3173630000
2168,2018-08-14,2986500000
2169,2018-08-15,3656680000
2170,2018-08-16,3232000000
2171,2018-08-17,3037640000
2172,2018-08-20,2757150000
2173,2018-08-21,3174010000
2174,2018-08-22,2701250000
2175,2018-08-23,2724450000
2176,2018-08-24,2603010000
2177,2018-08-27,2865070000
2178,2018-08-28,2687770000
2179,2018-08-29,2805520000
2180,2018-08-30,2810450000
2181,2018-08-31,2887220000
2182,2018-09-04,3087420000
2183,2018-09-05,3248780000
2184,2018-09-06,3144240000
2185,2018-09-07,2976580000
2186,2018-09-10,2751100000
2187,2018-09-11,2904500000
2188,2018-09-12,3341280000
2189,2018-09-13,3274090000
2190,2018-09-14,3179410000
2191,2018-09-17,2967980000
2192,2018-09-18,3091190000
2193,2018-09-19,3302460000
2194,2018-09-20,3406520000
2195,2018-09-21,5652470000
2196,2018-09-24,3392030000
2197,2018-09-25,3330880000
2198,2018-09-26,3417540000
2199,2018-09-27,3101360000
2200,2018-09-28,3461680000
2201,2018-10-01,3375890000
2202,2018-10-02,3432620000
2203,2018-10-03,3625510000
2204,2018-10-04,3510370000
2205,2018-10-05,3340820000
2206,2018-10-08,3381820000
2207,2018-10-09,3531690000
2208,2018-10-10,4554260000
2209,2018-10-11,4914090000
2210,2018-10-12,4024010000
2211,2018-10-15,3327160000
2212,2018-10-16,3460260000
2213,2018-10-17,3347090000
2214,2018-10-18,3639300000
2215,2018-10-19,3593940000
2216,2018-10-22,3331270000
2217,2018-10-23,4373710000
2218,2018-10-24,4738670000
2219,2018-10-25,4663930000
2220,2018-10-26,4804330000
2221,2018-10-29,4701260000
2222,2018-10-30,5125600000
2223,2018-10-31,5133380000
2224,2018-11-01,4730250000
2225,2018-11-02,4261230000
2226,2018-11-05,3650910000
2227,2018-11-06,3543800000
2228,2018-11-07,3929080000
2229,2018-11-08,3673550000
2230,2018-11-09,4029030000
2231,2018-11-12,3701570000
2232,2018-11-13,4112820000
2233,2018-11-14,4449060000
2234,2018-11-15,4204960000
2235,2018-11-16,3996970000
2236,2018-11-19,3806940000
2237,2018-11-20,4370820000
2238,2018-11-21,3237400000
2239,2018-11-23,1651680000
2240,2018-11-26,3523520000
2241,2018-11-27,3494380000
2242,2018-11-28,3984540000
2243,2018-11-29,3599200000
2244,2018-11-30,4668310000
2245,2018-12-03,4221580000
2246,2018-12-04,4515710000
2247,2018-12-06,5180430000
2248,2018-12-07,4242240000
2249,2018-12-10,4162880000
2250,2018-12-11,3963440000
2251,2018-12-12,4029300000
2252,2018-12-13,3978340000
2253,2018-12-14,4064370000
2254,2018-12-17,4661420000
2255,2018-12-18,4519190000
2256,2018-12-19,5152830000
2257,2018-12-20,5619780000
2258,2018-12-21,7657890000
2259,2018-12-24,2613670000
2260,2018-12-26,4249740000
2261,2018-12-27,4139010000
2262,2018-12-28,3728440000
2263,2018-12-31,3461920000
2264,2019-01-02,3733160000
2265,2019-01-03,3858830000
2266,2019-01-04,4234140000
2267,2019-01-07,4133120000
2268,2019-01-08,4120060000
2269,2019-01-09,4088740000
2270,2019-01-10,3721300000
2271,2019-01-11,3447460000
2272,2019-01-14,3689370000
2273,2019-01-15,3601180000
2274,2019-01-16,3882180000
2275,2019-01-17,3802410000
2276,2019-01-18,4009010000
2277,2019-01-22,3923950000
2278,2019-01-23,3358770000
2279,2019-01-24,3449230000
2280,2019-01-25,3821000000
2281,2019-01-28,3630820000
2282,2019-01-29,3518070000
2283,2019-01-30,3883270000
2284,2019-01-31,4953800000
2285,2019-02-01,3782490000
2286,2019-02-04,3369450000
2287,2019-02-05,3597620000
2288,2019-02-06,3486590000
2289,2019-02-07,4114040000
2290,2019-02-08,3649510000
2291,2019-02-11,3395330000
2292,2019-02-12,3843020000
2293,2019-02-13,3684910000
2294,2019-02-14,3845390000
2295,2019-02-15,3648680000
2296,2019-02-19,3535270000
2297,2019-02-20,3904830000
2298,2019-02-21,3598260000
2299,2019-02-22,3429350000
2300,2019-02-25,3860260000
2301,2019-02-26,3676200000
2302,2019-02-27,3771790000
2303,2019-02-28,4445780000
2304,2019-03-01,3994950000
2305,2019-03-04,3949730000
2306,2019-03-05,3631380000
2307,2019-03-06,3800180000
2308,2019-03-07,3932150000
2309,2019-03-08,3424300000
2310,2019-03-11,3764850000
2311,2019-03-12,3432340000
2312,2019-03-13,3782250000
2313,2019-03-14,3505670000
2314,2019-03-15,5969780000
2315,2019-03-18,3620770000
2316,2019-03-19,3650740000
2317,2019-03-20,3779160000
2318,2019-03-21,3612620000
2319,2019-03-22,4253730000
2320,2019-03-25,3406110000
2321,2019-03-26,3288570000
2322,2019-03-27,3422400000
2323,2019-03-28,3185460000
2324,2019-03-29,3752520000
2325,2019-04-01,3560090000
2326,2019-04-02,3267210000
2327,2019-04-03,3570000000
2328,2019-04-04,3038740000
2329,2019-04-05,3155970000
2330,2019-04-08,3056460000
2331,2019-04-09,3032480000
2332,2019-04-10,3092230000
2333,2019-04-11,2970650000
2334,2019-04-12,3726050000
2335,2019-04-15,3114530000
2336,2019-04-16,3403120000
2337,2019-04-17,3648100000
2338,2019-04-18,3507100000
2339,2019-04-22,3010130000
2340,2019-04-23,3674480000
2341,2019-04-24,3468480000
2342,2019-04-25,3440010000
2343,2019-04-26,3264390000
2344,2019-04-29,3150390000
2345,2019-04-30,3939760000
2346,2019-05-01,3669330000
2347,2019-05-02,3802290000
2348,2019-05-03,3357180000
2349,2019-05-06,3203260000
2350,2019-05-07,3793060000
2351,2019-05-08,3543110000
2352,2019-05-09,3659050000
2353,2019-05-10,3566780000
2354,2019-05-13,3900270000
2355,2019-05-14,3354860000
2356,2019-05-15,3140900000
2357,2019-05-16,3338470000
2358,2019-05-17,3316040000
2359,2019-05-20,3293750000
2360,2019-05-21,3223050000
2361,2019-05-22,3194000000
2362,2019-05-23,3899320000
2363,2019-05-24,2889230000
2364,2019-05-28,4146980000
2365,2019-05-29,3701110000
2366,2019-05-30,3276030000
2367,2019-05-31,3982670000
2368,2019-06-03,3952360000
2369,2019-06-04,3814130000
2370,2019-06-05,3570760000
2371,2019-06-06,3445140000
2372,2019-06-07,3244380000
2373,2019-06-10,3209890000
2374,2019-06-11,3551000000
2375,2019-06-12,3039870000
2376,2019-06-13,3100640000
2377,2019-06-14,2992810000
2378,2019-06-17,2828400000
2379,2019-06-18,3441540000
2380,2019-06-19,3300220000
2381,2019-06-20,3943060000
2382,2019-06-21,5003540000
2383,2019-06-24,3136960000
2384,2019-06-25,3579430000
2385,2019-06-26,3511350000
2386,2019-06-27,3162500000
2387,2019-06-28,5422650000
2388,2019-07-01,3524860000
2389,2019-07-02,3224490000
2390,2019-07-03,1963570000
2391,2019-07-05,2434680000
2392,2019-07-08,2922360000
2393,2019-07-09,3033330000
2394,2019-07-10,3157800000
2395,2019-07-11,3155710000
2396,2019-07-12,2984140000
2397,2019-07-15,2876100000
2398,2019-07-16,3297030000
2399,2019-07-17,3185650000
2400,2019-07-18,3369820000
2401,2019-07-19,3285890000
2402,2019-07-22,3016200000
2403,2019-07-23,3333810000
2404,2019-07-24,3433220000
2405,2019-07-25,3657050000
2406,2019-07-26,3260170000
2407,2019-07-29,3224490000
2408,2019-07-30,3632770000
2409,2019-07-31,4626330000
2410,2019-08-01,4793810000
2411,2019-08-02,3882810000
2412,2019-08-05,4542850000
2413,2019-08-06,4156640000
2414,2019-08-07,4512720000
2415,2019-08-08,4118530000
2416,2019-08-09,3356850000
2417,2019-08-12,3328570000
2418,2019-08-13,3857190000
2419,2019-08-14,4325150000
2420,2019-08-15,4041720000
2421,2019-08-16,3524080000
2422,2019-08-19,3221050000
2423,2019-08-20,3067710000
2424,2019-08-21,3016540000
2425,2019-08-22,2893660000
2426,2019-08-23,3942520000
2427,2019-08-26,2859790000
2428,2019-08-27,3537490000
2429,2019-08-28,3102480000
2430,2019-08-29,3177150000
2431,2019-08-30,3009910000
2432,2019-09-03,3427830000
2433,2019-09-04,3167900000
2434,2019-09-05,3902600000
2435,2019-09-06,3209340000
2436,2019-09-09,4031120000
2437,2019-09-10,4393040000
2438,2019-09-11,3934370000
2439,2019-09-12,3796990000
2440,2019-09-13,3557010000
2441,2019-09-16,4285860000
2442,2019-09-17,3673250000
2443,2019-09-18,3458800000
2444,2019-09-19,3265660000
2445,2019-09-20,6103440000
2446,2019-09-23,3187250000
2447,2019-09-24,3872800000
2448,2019-09-25,3331200000
2449,2019-09-26,3084910000
2450,2019-09-27,3246480000
2451,2019-09-30,3249130000
2452,2019-10-01,3560750000
2453,2019-10-02,3914180000
2454,2019-10-03,3515130000
2455,2019-10-04,3005600000
2456,2019-10-07,2959050000
2457,2019-10-08,3370700000
2458,2019-10-09,2735350000
2459,2019-10-10,3234400000
2460,2019-10-11,3581320000
2461,2019-10-14,2559270000
2462,2019-10-15,3345090000
2463,2019-10-16,3230320000
2464,2019-10-17,3103470000
2465,2019-10-18,3268970000
2466,2019-10-21,3271960000
2467,2019-10-22,3527540000
2468,2019-10-23,3413600000
2469,2019-10-24,3696510000
2470,2019-10-25,3379060000
2471,2019-10-28,3524970000
2472,2019-10-29,3594430000
2473,2019-10-30,3779660000
2474,2019-10-31,4149310000
2475,2019-11-01,3956290000
2476,2019-11-04,4178040000
2477,2019-11-05,4490590000
2478,2019-11-06,4465510000
2479,2019-11-07,4151990000
2480,2019-11-08,3508160000
2481,2019-11-11,3041120000
2482,2019-11-12,3495560000
2483,2019-11-13,3513720000
2484,2019-11-14,3282090000
2485,2019-11-15,3359800000
2486,2019-11-18,3440140000
2487,2019-11-19,3613670000
2488,2019-11-20,4041010000
2489,2019-11-21,3744010000
2490,2019-11-22,3235270000
2491,2019-11-25,3514310000
2492,2019-11-26,4600450000
2493,2019-11-27,3035470000
2494,2019-11-29,1743420000
2495,2019-12-02,3285750000
2496,2019-12-03,3671580000
2497,2019-12-04,3702980000
2498,2019-12-05,3360480000
2499,2019-12-06,3483310000
2500,2019-12-09,3400470000
2501,2019-12-10,3346310000
2502,2019-12-11,3257650000
2503,2019-12-12,4003200000
2504,2019-12-13,3757650000
2505,2019-12-16,4070200000
2506,2019-12-17,3842940000
2507,2019-12-18,4029950000
2508,2019-12-19,3784360000
2509,2019-12-20,6457480000
2510,2019-12-23,3064530000
2511,2019-12-24,1296530000
2512,2019-12-26,2164540000
2513,2019-12-27,2429150000
2514,2019-12-30,3021720000
2515,2019-12-31,2894760000
2516,2020-01-02,3459930000
2517,2020-01-03,3484700000
2518,2020-01-06,3702460000
2519,2020-01-07,3435910000
2520,2020-01-08,3726840000
2521,2020-01-09,3641230000
2522,2020-01-10,3214580000
2523,2020-01-13,3459390000
2524,2020-01-14,3687620000
2525,2020-01-15,3721490000
2526,2020-01-16,3540580000
2527,2020-01-17,3726220000
2528,2020-01-21,4104840000
2529,2020-01-22,3623780000
2530,2020-01-23,3766710000
2531,2020-01-24,3708780000
2532,2020-01-27,3831050000
2533,2020-01-28,3531570000
2534,2020-01-29,3600250000
2535,2020-01-30,3790350000
2536,2020-01-31,4529700000
2537,2020-02-03,3760460000
2538,2020-02-04,3996900000
2539,2020-02-05,4121480000
2540,2020-02-06,3887250000
2541,2020-02-07,3733920000
2542,2020-02-10,3462730000
2543,2020-02-11,3762940000
2544,2020-02-12,3930910000
2545,2020-02-13,3500890000
2546,2020-02-14,3419700000
2547,2020-02-18,3750400000
2548,2020-02-19,3614200000
2549,2020-02-20,4019180000
2550,2020-02-21,3908780000
2551,2020-02-24,4851160000
2552,2020-02-25,5596760000
2553,2020-02-26,5484650000
2554,2020-02-27,7064710000
2555,2020-02-28,8569570000
2556,2020-03-02,6381330000
2557,2020-03-03,6376510000
2558,2020-03-04,5073020000
2559,2020-03-05,5579290000
2560,2020-03-06,6555240000
2561,2020-03-09,8441290000
2562,2020-03-10,7642040000
2563,2020-03-11,7431200000
2564,2020-03-12,8850810000
2565,2020-03-13,8299070000
2566,2020-03-16,7805450000
2567,2020-03-17,8370250000
2568,2020-03-18,8799300000
2569,2020-03-19,7956100000
2570,2020-03-20,9053950000
2571,2020-03-23,7411380000
2572,2020-03-24,7563150000
2573,2020-03-25,8300010000
2574,2020-03-26,7766990000
2575,2020-03-27,6201670000
2576,2020-03-30,5751120000
2577,2020-03-31,6576210000
2578,2020-04-01,5964000000
2579,2020-04-02,6464190000
2580,2020-04-03,6096970000
2581,2020-04-06,6403840000
2582,2020-04-07,7050410000
2583,2020-04-08,5875710000
2584,2020-04-09,7899550000
2585,2020-04-13,5319530000
2586,2020-04-14,5615730000
2587,2020-04-15,5208000000
2588,2020-04-16,5228810000
2589,2020-04-17,5804810000
2590,2020-04-20,5228630000
2591,2020-04-21,5121010000
2592,2020-04-22,5084920000
2593,2020-04-23,5773530000
2594,2020-04-24,5382810000
2595,2020-04-27,5203930000
2596,2020-04-28,5691160000
2597,2020-04-29,6645640000
2598,2020-04-30,6544980000
2599,2020-05-01,4759810000
2600,2020-05-04,4735930000
2601,2020-05-05,5140290000
2602,2020-05-06,4892570000
2603,2020-05-07,5178790000
2604,2020-05-08,4876030000
2605,2020-05-11,4819730000
2606,2020-05-12,5119630000
2607,2020-05-13,6151650000
2608,2020-05-14,5651130000
2609,2020-05-15,5507700000
2610,2020-05-18,6373670000
2611,2020-05-19,4984330000
2612,2020-05-20,5005380000
2613,2020-05-21,4976620000
2614,2020-05-22,3970860000
2615,2020-05-26,5848500000
2616,2020-05-27,6398000000
2617,2020-05-28,5447020000
2618,2020-05-29,7297550000
2619,2020-06-01,4684170000
2620,2020-06-02,5197150000
2621,2020-06-03,6005560000
2622,2020-06-04,6451290000
2623,2020-06-05,8639300000
2624,2020-06-08,8498300000
2625,2020-06-09,6410930000
2626,2020-06-10,6598870000
2627,2020-06-11,7037320000
2628,2020-06-12,5845330000
2629,2020-06-15,5757480000
2630,2020-06-16,5845810000
2631,2020-06-17,4560450000
2632,2020-06-18,4448690000
2633,2020-06-19,8346650000
2634,2020-06-22,4686690000
2635,2020-06-23,4711850000
2636,2020-06-24,5597680000
2637,2020-06-25,4847690000
2638,2020-06-26,8107850000
2639,2020-06-29,4473970000
2640,2020-06-30,4705850000
2641,2020-07-01,4449230000
2642,2020-07-02,4197720000
2643,2020-07-06,4759160000
2644,2020-07-07,4571330000
2645,2020-07-08,4937310000
2646,2020-07-09,4843650000
2647,2020-07-10,4524190000
2648,2020-07-13,4902440000
2649,2020-07-14,4507140000
2650,2020-07-15,4686830000
2651,2020-07-16,3972860000
2652,2020-07-17,4012850000
2653,2020-07-20,3979340000
2654,2020-07-21,4556610000
2655,2020-07-22,4267160000
2656,2020-07-23,4296760000
2657,2020-07-24,3689410000
2658,2020-07-27,3970310000
2659,2020-07-28,4053180000
2660,2020-07-29,4478200000
2661,2020-07-30,4264920000
2662,2020-07-31,5007530000
2663,2020-08-03,4438940000
2664,2020-08-04,4414380000
2665,2020-08-05,4535060000
2666,2020-08-06,4278930000
2667,2020-08-07,4110030000
2668,2020-08-10,4327920000
2669,2020-08-11,4880540000
2670,2020-08-12,3772250000
2671,2020-08-13,3438730000
2672,2020-08-14,3200060000
2673,2020-08-17,3460330000
2674,2020-08-18,3669550000
2675,2020-08-19,3679480000
2676,2020-08-20,3431040000
2677,2020-08-21,3505010000
2678,2020-08-24,3743410000
2679,2020-08-25,3627650000
2680,2020-08-26,3780530000
2681,2020-08-27,3955890000
2682,2020-08-28,3868510000
2683,2020-08-31,4348280000
2684,2020-09-01,4101490000
2685,2020-09-02,4295640000
2686,2020-09-03,4911830000
2687,2020-09-04,4438720000
2688,2020-09-08,4694330000
2689,2020-09-09,3932520000
2690,2020-09-10,4208630000
2691,2020-09-11,3710090000
2692,2020-09-14,3839580000
2693,2020-09-15,4057190000
2694,2020-09-16,4718900000
2695,2020-09-17,4379840000
2696,2020-09-18,7076400000
2697,2020-09-21,4836070000
2698,2020-09-22,3974510000
2699,2020-09-23,4378650000
2700,2020-09-24,4601920000
2701,2020-09-25,3803330000
2702,2020-09-28,3950910000
2703,2020-09-29,3661590000
2704,2020-09-30,4738640000
2705,2020-10-01,4076340000
2706,2020-10-02,3975180000
2707,2020-10-05,3692720000
2708,2020-10-06,4453390000
2709,2020-10-07,3814750000
2710,2020-10-08,3867640000
2711,2020-10-09,3944090000
2712,2020-10-12,3435760000
2713,2020-10-13,3611100000
2714,2020-10-14,3858510000
2715,2020-10-15,3724550000
2716,2020-10-16,4688030000
2717,2020-10-19,4091080000
2718,2020-10-20,3917850000
2719,2020-10-21,4103960000
2720,2020-10-22,4172060000
2721,2020-10-23,3651600000
2722,2020-10-26,4002210000
2723,2020-10-27,3962400000
2724,2020-10-28,5139970000
2725,2020-10-29,4911860000
2726,2020-10-30,4843930000
2727,2020-11-02,4314690000
2728,2020-11-03,4241380000
2729,2020-11-04,4790400000
2730,2020-11-05,4858150000
2731,2020-11-06,4842460000
2732,2020-11-09,8570510000
2733,2020-11-10,6037470000
2734,2020-11-11,4635560000
2735,2020-11-12,4909660000
2736,2020-11-13,4719580000
2737,2020-11-16,5295510000
2738,2020-11-17,4812180000
2739,2020-11-18,5284810000
2740,2020-11-19,4363370000
2741,2020-11-20,4236370000
2742,2020-11-23,5057550000
2743,2020-11-24,6280290000
2744,2020-11-25,4910440000
2745,2020-11-27,2778390000
2746,2020-11-30,6308410000
2747,2020-12-01,5418480000
2748,2020-12-02,5041250000
2749,2020-12-03,5065340000
2750,2020-12-04,5099620000
2751,2020-12-07,4804500000
2752,2020-12-08,4584390000
2753,2020-12-09,5232800000
2754,2020-12-10,4658480000
2755,2020-12-11,4375470000
2756,2020-12-14,4623850000
2757,2020-12-15,4387080000
2758,2020-12-16,4067040000
2759,2020-12-17,4192810000
2760,2020-12-18,7097100000
2761,2020-12-21,4748580000
2762,2020-12-22,4053310000
2763,2020-12-23,3779160000
2764,2020-12-24,1883780000
2765,2020-12-28,3535460000
2766,2020-12-29,3393290000
2767,2020-12-30,3154850000
2768,2020-12-31,3179040000
2769,2021-01-04,5015000000
2770,2021-01-05,4591020000
2771,2021-01-06,6064110000
2772,2021-01-07,5099160000
2773,2021-01-08,4773040000
2774,2021-01-11,4465430000
2775,2021-01-12,4994950000
2776,2021-01-13,4602510000
2777,2021-01-14,5198480000
2778,2021-01-15,5369820000
2779,2021-01-19,5014440000
2780,2021-01-20,4566190000
2781,2021-01-21,4501760000
2782,2021-01-22,5110890000
2783,2021-01-25,7000840000
2784,2021-01-26,6137500000
2785,2021-01-27,9976520000
2786,2021-01-28,6992770000
2787,2021-01-29,6643370000
2788,2021-02-01,5436230000
2789,2021-02-02,5514090000
2790,2021-02-03,4864870000
2791,2021-02-04,4879240000
2792,2021-02-05,4879470000
2793,2021-02-08,4648360000
2794,2021-02-09,4568320000
2795,2021-02-10,4837070000
2796,2021-02-11,4590960000
2797,2021-02-12,4135060000
2798,2021-02-16,5058990000
2799,2021-02-17,4730650000
2800,2021-02-18,4793650000
2801,2021-02-19,4845320000
2802,2021-02-22,5917100000
2803,2021-02-23,6296610000
2804,2021-02-24,6012790000
2805,2021-02-25,6547470000
2806,2021-02-26,6526070000
2807,2021-03-01,5114820000
2808,2021-03-02,5536010000
2809,2021-03-03,6173660000
2810,2021-03-04,7195400000
2811,2021-03-05,6851070000
2812,2021-03-08,5871710000
2813,2021-03-09,5513560000
2814,2021-03-10,5847380000
2815,2021-03-11,5312880000
2816,2021-03-12,4476280000
2817,2021-03-15,4900100000
2818,2021-03-16,4613080000
2819,2021-03-17,4561660000
2820,2021-03-18,5118590000
2821,2021-03-19,7757420000
2822,2021-03-22,4316260000
2823,2021-03-23,4669010000
2824,2021-03-24,4783020000
2825,2021-03-25,4948340000
2826,2021-03-26,5483160000
2827,2021-03-29,4628180000
2828,2021-03-30,4121510000
2829,2021-03-31,4578050000
2830,2021-04-01,4162130000
2831,2021-04-05,4005030000
2832,2021-04-06,4081270000
2833,2021-04-07,4120810000
2834,2021-04-08,3907100000
2835,2021-04-09,3640390000
2836,2021-04-12,3588900000
2837,2021-04-13,3734720000
2838,2021-04-14,3985350000
2839,2021-04-15,4033420000
2840,2021-04-16,4163820000
2841,2021-04-19,3810290000
2842,2021-04-20,4342650000
2843,2021-04-21,3887250000
2844,2021-04-22,4245140000
2845,2021-04-23,3569880000
2846,2021-04-26,3748320000
2847,2021-04-27,3710700000
2848,2021-04-28,3787360000
2849,2021-04-29,4298680000
2850,2021-04-30,4300880000
2851,2021-05-03,4070220000
2852,2021-05-04,4452460000
2853,2021-05-05,4230920000
2854,2021-05-06,4511000000
2855,2021-05-07,4016080000
2856,2021-05-10,4560700000
2857,2021-05-11,4870710000
2858,2021-05-12,4733070000
2859,2021-05-13,4779540000
2860,2021-05-14,4008880000
2861,2021-05-17,4125050000
2862,2021-05-18,4398150000
2863,2021-05-19,4247450000
2864,2021-05-20,3978880000
2865,2021-05-21,3995250000
2866,2021-05-24,3684800000
2867,2021-05-25,4182250000
2868,2021-05-26,4420890000
2869,2021-05-27,6406310000
2870,2021-05-28,4649250000
2871,2021-06-01,5074670000
2872,2021-06-02,5833670000
2873,2021-06-03,5587970000
2874,2021-06-04,4139790000
2875,2021-06-07,4476920000
2876,2021-06-08,4659620000
2877,2021-06-09,4713260000
2878,2021-06-10,4408210000
2879,2021-06-11,3815010000
2880,2021-06-14,4151200000
2881,2021-06-15,4048940000
2882,2021-06-16,4538350000
2883,2021-06-17,5312680000
2884,2021-06-18,6817010000
2885,2021-06-21,4128950000
2886,2021-06-22,3828390000
2887,2021-06-23,3730350000
2888,2021-06-24,3816660000
2889,2021-06-25,7341450000
2890,2021-06-28,4147890000
2891,2021-06-29,3707150000
2892,2021-06-30,4266040000
2893,2021-07-01,3788230000
2894,2021-07-02,3225840000
2895,2021-07-06,4309570000
2896,2021-07-07,4037380000
2897,2021-07-08,4347500000
2898,2021-07-09,3531120000
2899,2021-07-12,3384460000
2900,2021-07-13,3695430000
2901,2021-07-14,4006370000
2902,2021-07-15,3905230000
2903,2021-07-16,3985700000
2904,2021-07-19,5157660000
2905,2021-07-20,4438270000
2906,2021-07-21,3810280000
2907,2021-07-22,3358300000
2908,2021-07-23,4540070000
2909,2021-07-26,4275630000
2910,2021-07-27,4241950000
2911,2021-07-28,4215290000
2912,2021-07-29,4044600000
2913,2021-07-30,3956740000
2914,2021-08-02,3724090000
2915,2021-08-03,3965190000
2916,2021-08-04,4260760000
2917,2021-08-05,3769410000
2918,2021-08-06,3451870000
2919,2021-08-09,3449280000
2920,2021-08-10,3886610000
2921,2021-08-11,3532560000
2922,2021-08-12,3375310000
2923,2021-08-13,3016470000
2924,2021-08-16,3370640000
2925,2021-08-17,3836960000
2926,2021-08-18,3755590000
2927,2021-08-19,4398410000
2928,2021-08-20,3652610000
2929,2021-08-23,3576530000
2930,2021-08-24,3979220000
2931,2021-08-25,3444700000
2932,2021-08-26,3263980000
2933,2021-08-27,3331200000
2934,2021-08-30,3168660000
2935,2021-08-31,4290710000
2936,2021-09-01,4057340000
2937,2021-09-02,3735990000
2938,2021-09-03,3217530000
2939,2021-09-07,3822960000
2940,2021-09-08,3750880000
2941,2021-09-09,3735390000
2942,2021-09-10,3623180000
2943,2021-09-13,3914220000
2944,2021-09-14,3670460000
2945,2021-09-15,4032020000
2946,2021-09-16,3984560000
2947,2021-09-17,7289530000
2948,2021-09-20,4898070000
2949,2021-09-21,3920920000
2950,2021-09-22,3939170000
2951,2021-09-23,3916350000
2952,2021-09-24,3384290000
2953,2021-09-27,4058650000
2954,2021-09-28,4416550000
2955,2021-09-29,3712660000
2956,2021-09-30,4448140000
2957,2021-10-01,4010370000
2958,2021-10-04,4307870000
2959,2021-10-05,3902890000
2960,2021-10-06,4009630000
2961,2021-10-07,3843740000
2962,2021-10-08,3280160000
2963,2021-10-11,3281970000
2964,2021-10-12,3558450000
2965,2021-10-13,3620070000
2966,2021-10-14,3598280000
2967,2021-10-15,3819380000
2968,2021-10-18,3662010000
2969,2021-10-19,3459130000
2970,2021-10-20,3670760000
2971,2021-10-21,3822330000
2972,2021-10-22,3758220000
2973,2021-10-25,3899400000
2974,2021-10-26,3879740000
2975,2021-10-27,4226050000
2976,2021-10-28,4132950000
2977,2021-10-29,4510200000
2978,2021-11-01,3971540000
2979,2021-11-02,3975250000
2980,2021-11-03,4319660000
2981,2021-11-04,4462300000
2982,2021-11-05,4467180000
2983,2021-11-08,4269710000
2984,2021-11-09,4117080000
2985,2021-11-10,4503720000
2986,2021-11-11,3926870000
2987,2021-11-12,3728600000
2988,2021-11-15,3488410000
2989,2021-11-16,3972640000
2990,2021-11-17,3969070000
2991,2021-11-18,4226410000
2992,2021-11-19,4253180000
2993,2021-11-22,4441100000
2994,2021-11-23,4277590000
2995,2021-11-24,3418430000
2996,2021-11-26,3517700000
2997,2021-11-29,4336410000
2998,2021-11-30,6625990000
2999,2021-12-01,5366730000
3000,2021-12-02,5077180000
3001,2021-12-03,5240070000
3002,2021-12-06,4770800000
3003,2021-12-07,4492400000
3004,2021-12-08,4234600000
3005,2021-12-09,3903840000
3006,2021-12-10,3870110000
3007,2021-12-13,4397230000
3008,2021-12-14,4485430000
3009,2021-12-15,4910130000
3010,2021-12-16,4829500000
3011,2021-12-17,7987090000
3012,2021-12-20,4635700000
3013,2021-12-21,4072430000
3014,2021-12-22,3319610000
3015,2021-12-23,2913040000
3016,2021-12-27,2770290000
3017,2021-12-28,2707920000
3018,2021-12-29,2963310000
3019,2021-12-30,3124950000
3020,2021-12-31,2677820000
3021,2022-01-03,3831020000
3022,2022-01-04,4683170000
3023,2022-01-05,4887960000
3024,2022-01-06,4295280000
3025,2022-01-07,4181510000
3026,2022-01-10,4511810000
3027,2022-01-11,4101590000
3028,2022-01-12,4048220000
3029,2022-01-13,4251730000
3030,2022-01-14,4338490000
3031,2022-01-18,4748700000
3032,2022-01-19,4465740000
3033,2022-01-20,4640870000
3034,2022-01-21,5589100000
3035,2022-01-24,6928110000
3036,2022-01-25,5145050000
3037,2022-01-26,5570640000
3038,2022-01-27,5214200000
3039,2022-01-28,5031090000
3040,2022-01-31,5098610000
3041,2022-02-01,4816830000
3042,2022-02-02,4481580000
3043,2022-02-03,4401970000
3044,2022-02-04,4706290000
3045,2022-02-07,4228480000
3046,2022-02-08,4459620000
3047,2022-02-09,4524350000
3048,2022-02-10,5314860000
3049,2022-02-11,5251500000
3050,2022-02-14,4600390000
3051,2022-02-15,4430830000
3052,2022-02-16,4283640000
3053,2022-02-17,4539420000
3054,2022-02-18,4708060000
3055,2022-02-22,5121900000
3056,2022-02-23,4797430000
3057,2022-02-24,6752130000
3058,2022-02-25,5177060000
3059,2022-02-28,6071370000
3060,2022-03-01,5846230000
3061,2022-03-02,5337870000
3062,2022-03-03,5039890000
3063,2022-03-04,5797380000
3064,2022-03-07,6940470000
3065,2022-03-08,7243120000
3066,2022-03-09,5662670000
3067,2022-03-10,4980830000
3068,2022-03-11,4938640000
3069,2022-03-14,5574920000
3070,2022-03-15,5392470000
3071,2022-03-16,6309750000
3072,2022-03-17,4985090000
3073,2022-03-18,8278430000
3074,2022-03-21,4869820000
3075,2022-03-22,4754840000
3076,2022-03-23,4550670000
3077,2022-03-24,4131390000
3078,2022-03-25,4305020000
3079,2022-03-28,4312260000
3080,2022-03-29,5085910000
3081,2022-03-30,4385570000
3082,2022-03-31,4823020000
3083,2022-04-01,4562940000
3084,2022-04-04,4547350000
3085,2022-04-05,4800620000
3086,2022-04-06,4986830000
3087,2022-04-07,4821490000
3088,2022-04-08,4083200000
3089,2022-04-11,4266290000
3090,2022-04-12,4152090000
3091,2022-04-13,3828150000
3092,2022-04-14,4083090000
3093,2022-04-18,3910490000
3094,2022-04-19,4108120000
3095,2022-04-20,4290450000
3096,2022-04-21,4636890000
3097,2022-04-22,4651940000
3098,2022-04-25,5240040000
3099,2022-04-26,4689970000
3100,2022-04-27,4769680000
3101,2022-04-28,4854180000
3102,2022-04-29,5084030000
3103,2022-05-02,5163790000
3104,2022-05-03,4582050000
3105,2022-05-04,5136360000
3106,2022-05-05,5077030000
3107,2022-05-06,5116940000
3108,2022-05-09,5954520000
3109,2022-05-10,5885820000
3110,2022-05-11,5816140000
3111,2022-05-12,6286450000
3112,2022-05-13,5183340000
3113,2022-05-16,4415030000
3114,2022-05-17,4841410000
3115,2022-05-18,5103220000
3116,2022-05-19,5113550000
3117,2022-05-20,5130730000
3118,2022-05-23,4420030000
3119,2022-05-24,4923190000
3120,2022-05-25,4802560000
3121,2022-05-26,4709970000
3122,2022-05-27,4375620000
3123,2022-05-31,6822640000
3124,2022-06-01,4531800000
3125,2022-06-02,4405790000
3126,2022-06-03,3711110000
3127,2022-06-06,4332700000
3128,2022-06-07,4248210000
3129,2022-06-08,4159470000
3130,2022-06-09,4134170000
3131,2022-06-10,4889640000
3132,2022-06-13,5636890000
3133,2022-06-14,5153890000
3134,2022-06-15,5530480000
3135,2022-06-16,5644930000
3136,2022-06-17,8520740000
3137,2022-06-21,5292260000
3138,2022-06-22,5058990000
3139,2022-06-23,5098640000
3140,2022-06-24,8120260000
3141,2022-06-27,4325310000
3142,2022-06-28,4270120000
3143,2022-06-29,4211240000
3144,2022-06-30,4840070000
3145,2022-07-01,4046950000
3146,2022-07-05,5076590000
3147,2022-07-06,4417720000
3148,2022-07-07,4057770000
3149,2022-07-08,3521620000
3150,2022-07-11,3423480000
3151,2022-07-12,3817210000
3152,2022-07-13,4109390000
3153,2022-07-14,4199690000
3154,2022-07-15,4143800000
3155,2022-07-18,4046870000
3156,2022-07-19,4041070000
3157,2022-07-20,4185300000
3158,2022-07-21,4132790000
3159,2022-07-22,3979240000
3160,2022-07-25,3568340000
3161,2022-07-26,3778950000
3162,2022-07-27,4112180000
3163,2022-07-28,4413000000
3164,2022-07-29,4616360000
3165,2022-08-01,4202810000
3166,2022-08-02,4727710000
3167,2022-08-03,4351760000
3168,2022-08-04,4283320000
3169,2022-08-05,4085940000
3170,2022-08-08,4221090000
3171,2022-08-09,3913090000
3172,2022-08-10,4546010000
3173,2022-08-11,4630200000
3174,2022-08-12,3788010000
3175,2022-08-15,3696830000
3176,2022-08-16,4329820000
3177,2022-08-17,3885030000
3178,2022-08-18,3340330000
3179,2022-08-19,3761340000
3180,2022-08-22,3907430000
3181,2022-08-23,3823520000
3182,2022-08-24,3583630000
3183,2022-08-25,3566870000
3184,2022-08-26,3832750000
3185,2022-08-29,3396510000
3186,2022-08-30,3835860000
3187,2022-08-31,4542490000
3188,2022-09-01,4152250000
3189,2022-09-02,3665850000
3190,2022-09-06,4127340000
3191,2022-09-07,3890320000
3192,2022-09-08,3966850000
3193,2022-09-09,3901940000
3194,2022-09-12,3814200000
3195,2022-09-13,4224550000
3196,2022-09-14,4293240000
3197,2022-09-15,4441830000
3198,2022-09-16,7954650000
3199,2022-09-19,3766850000
3200,2022-09-20,4058050000
3201,2022-09-21,4078330000
3202,2022-09-22,4284600000
3203,2022-09-23,5144270000
3204,2022-09-26,4886140000
3205,2022-09-27,4577740000
3206,2022-09-28,4684850000
3207,2022-09-29,4681810000
3208,2022-09-30,5645360000
3209,2022-10-03,4806680000
3210,2022-10-04,5146580000
3211,2022-10-05,4293180000
3212,2022-10-06,4252100000
3213,2022-10-07,4449660000
3214,2022-10-10,3834320000
3215,2022-10-11,4759030000
3216,2022-10-12,4006830000
3217,2022-10-13,5021680000
3218,2022-10-14,4243030000
3219,2022-10-17,4352780000
3220,2022-10-18,4483740000
3221,2022-10-19,4223800000
3222,2022-10-20,4496620000
3223,2022-10-21,5078020000
3224,2022-10-24,4747930000
3225,2022-10-25,4843120000
3226,2022-10-26,4817310000
3227,2022-10-27,4687320000
3228,2022-10-28,4459410000
3229,2022-10-31,4820620000
3230,2022-11-01,4481210000
3231,2022-11-02,4899000000
3232,2022-11-03,4625290000
3233,2022-11-04,5400180000
3234,2022-11-07,4341620000
3235,2022-11-08,4607640000
3236,2022-11-09,4645010000
3237,2022-11-10,5781260000
3238,2022-11-11,5593310000
3239,2022-11-14,4561930000
3240,2022-11-15,5015310000
3241,2022-11-16,4165320000
3242,2022-11-17,4051780000
3243,2022-11-18,4037360000
3244,2022-11-21,3850690000
3245,2022-11-22,3887990000
3246,2022-11-23,3279720000
3247,2022-11-25,1706460000
3248,2022-11-28,3615430000
3249,2022-11-29,3546040000
3250,2022-11-30,6579360000
3251,2022-12-01,4527130000
3252,2022-12-02,4012620000
3253,2022-12-05,4280820000
3254,2022-12-06,4368380000
3255,2022-12-07,4118050000
3256,2022-12-08,4006900000
3257,2022-12-09,3888260000
3258,2022-12-12,3904130000
3259,2022-12-13,5079360000
3260,2022-12-14,4472340000
3261,2022-12-15,4493900000
3262,2022-12-16,7493660000
3263,2022-12-19,3969610000
3264,2022-12-20,3985370000
3265,2022-12-21,3775200000
3266,2022-12-22,3956950000
3267,2022-12-23,2819280000
3268,2022-12-27,3030300000
3269,2022-12-28,3083520000
3270,2022-12-29,3003680000
3271,2022-12-30,2979870000
3272,2023-01-03,3959140000
3273,2023-01-04,4414080000
3274,2023-01-05,3893450000
3275,2023-01-06,3923560000
3276,2023-01-09,4311770000
3277,2023-01-10,3851030000
3278,2023-01-11,4303360000
3279,2023-01-12,4440260000
3280,2023-01-13,3939700000
3281,2023-01-17,4235560000
3282,2023-01-18,4298710000
3283,2023-01-19,3991500000
3284,2023-01-20,4013360000
3285,2023-01-23,3945210000
3286,2023-01-24,3320430000
3287,2023-01-25,3724020000
3288,2023-01-26,3809590000
3289,2023-01-27,3907760000
3290,2023-01-30,3802000000
3291,2023-01-31,4679320000
3292,2023-02-01,4856930000
3293,2023-02-02,5624360000
3294,2023-02-03,4694510000
3295,2023-02-06,4114240000
3296,2023-02-07,4355860000
3297,2023-02-08,4029820000
3298,2023-02-09,4270200000
3299,2023-02-10,3891520000
3300,2023-02-13,3448620000
3301,2023-02-14,3929200000
3302,2023-02-15,4075980000
3303,2023-02-16,4143660000
3304,2023-02-17,4045480000
3305,2023-02-21,4121590000
3306,2023-02-22,4079320000
3307,2023-02-23,3952940000
3308,2023-02-24,3877700000
3309,2023-02-27,3836950000
3310,2023-02-28,5043400000
3311,2023-03-01,4249480000
3312,2023-03-02,4244900000
3313,2023-03-03,4084730000
3314,2023-03-06,4000870000
3315,2023-03-07,3922500000
3316,2023-03-08,3535570000
3317,2023-03-09,4445260000
3318,2023-03-10,5518190000
3319,2023-03-13,6558020000
3320,2023-03-14,5665870000
3321,2023-03-15,6594010000
3322,2023-03-16,5695790000
3323,2023-03-17,9354280000
3324,2023-03-20,5347140000
3325,2023-03-21,4920240000
3326,2023-03-22,4533010000
3327,2023-03-23,4991600000
3328,2023-03-24,4583970000
3329,2023-03-27,4233540000
3330,2023-03-28,4014600000
3331,2023-03-29,4145250000
3332,2023-03-30,3930860000
3333,2023-03-31,4525120000
3334,2023-04-03,4234700000
3335,2023-04-04,4227800000
3336,2023-04-05,3968020000
3337,2023-04-06,3486690000
3338,2023-04-10,3423650000
3339,2023-04-11,3665830000
3340,2023-04-12,3633120000
3341,2023-04-13,3596590000
3342,2023-04-14,3575690000
3343,2023-04-17,3611180000
3344,2023-04-18,3536640000
3345,2023-04-19,3572560000
3346,2023-04-20,3772080000
3347,2023-04-21,3611750000
3348,2023-04-24,3290940000
3349,2023-04-25,3978640000
3350,2023-04-26,3837030000
3351,2023-04-27,3750550000
3352,2023-04-28,4087800000
3353,2023-05-01,3321370000
3354,2023-05-02,4486130000
3355,2023-05-03,4246510000
3356,2023-05-04,4920090000
3357,2023-05-05,4186270000
3358,2023-05-08,3641640000
3359,2023-05-09,3810140000
3360,2023-05-10,4057160000
3361,2023-05-11,3752900000
3362,2023-05-12,3533740000
3363,2023-05-15,3562170000
3364,2023-05-16,3654200000
3365,2023-05-17,4039080000
3366,2023-05-18,3980500000
3367,2023-05-19,4041900000
3368,2023-05-22,3728520000
3369,2023-05-23,4155320000
3370,2023-05-24,0
3371,2023-05-25,4147760000
3372,2023-05-26,3715460000
3373,2023-05-30,4228510000
3374,2023-05-31,5980670000
3375,2023-06-01,4391860000
3376,2023-06-02,4454200000
3377,2023-06-05,3813290000
3378,2023-06-06,3996560000
3379,2023-06-07,4537800000
3380,2023-06-08,3826740000
3381,2023-06-09,3786510000
3382,2023-06-12,3945670000
3383,2023-06-13,4275400000
3384,2023-06-14,4252110000
3385,2023-06-15,4176690000
3386,2023-06-16,6848600000
3387,2023-06-20,4055790000
3388,2023-06-21,3709330000
3389,2023-06-22,3511000000
3390,2023-06-23,6053620000
3391,2023-06-26,3415030000
3392,2023-06-27,3573500000
3393,2023-06-28,3739330000
3394,2023-06-29,3696660000
3395,2023-06-30,3923450000
3396,2023-07-03,2034280000
3397,2023-07-05,3482620000
3398,2023-07-06,3682020000
3399,2023-07-07,3630480000
3400,2023-07-10,3429600000
3401,2023-07-11,3624220000
3402,2023-07-12,3920290000
3403,2023-07-13,3839530000
3404,2023-07-14,3647450000
3405,2023-07-17,3538240000
3406,2023-07-18,4090010000
3407,2023-07-19,4115670000
3408,2023-07-20,3761770000
3409,2023-07-21,3570190000
3410,2023-07-24,3856250000
3411,2023-07-25,3812470000
3412,2023-07-26,3990290000
3413,2023-07-27,4553210000
3414,2023-07-28,3981010000
3415,2023-07-31,4503600000
3416,2023-08-01,4042370000
3417,2023-08-02,4270710000
3418,2023-08-03,4149120000
3419,2023-08-04,4143310000
3420,2023-08-07,3493920000
3421,2023-08-08,3884910000
3422,2023-08-09,3803100000
3423,2023-08-10,4504370000
3424,2023-08-11,3753290000
3425,2023-08-14,3896410000
3426,2023-08-15,3832250000
3427,2023-08-16,3753910000
3428,2023-08-17,3943700000
3429,2023-08-18,3940400000
3430,2023-08-21,3726850000
3431,2023-08-22,3522760000
3432,2023-08-23,3837270000
3433,2023-08-24,3723470000
3434,2023-08-25,3296180000
3435,2023-08-28,2957230000
3436,2023-08-29,3354820000
3437,2023-08-30,3064110000
3438,2023-08-31,3946360000
3439,2023-09-01,3246260000
3440,2023-09-05,3526250000
3441,2023-09-06,3418850000
3442,2023-09-07,3763760000
3443,2023-09-08,3259290000
3444,2023-09-11,3369920000
3445,2023-09-12,3435740000
3446,2023-09-13,3529430000
3447,2023-09-14,3648720000
3448,2023-09-15,6932230000
3449,2023-09-18,3161230000
3450,2023-09-19,3614880000
3451,2023-09-20,3308450000
3452,2023-09-21,3662340000
3453,2023-09-22,3349570000
3454,2023-09-25,3195650000
3455,2023-09-26,3472340000
3456,2023-09-27,3875880000
3457,2023-09-28,3846230000
3458,2023-09-29,3865960000
3459,2023-10-02,3938660000
3460,2023-10-03,3953830000
3461,2023-10-04,3777600000
3462,2023-10-05,3581470000
3463,2023-10-06,3902030000
3464,2023-10-09,3174630000
3465,2023-10-10,3520240000
3466,2023-10-11,3601660000
3467,2023-10-12,3713140000
3468,2023-10-13,3566560000
3469,2023-10-16,3409960000
3470,2023-10-17,3794850000
3471,2023-10-18,3686030000
3472,2023-10-19,3969730000
3473,2023-10-20,4004030000
3474,2023-10-23,3776100000
3475,2023-10-24,3821820000
3476,2023-10-25,3869370000
3477,2023-10-26,4277640000
3478,2023-10-27,4019500000
3479,2023-10-30,3911140000
3480,2023-10-31,4249470000
3481,2023-11-01,4224900000
3482,2023-11-02,4669780000
3483,2023-11-03,4570960000
3484,2023-11-06,3656340000
3485,2023-11-07,3791230000
3486,2023-11-08,3729510000
3487,2023-11-09,3900780000
3488,2023-11-10,3665080000
3489,2023-11-13,3326240000
3490,2023-11-14,4700350000
3491,2023-11-15,4347170000
3492,2023-11-16,3964520000
3493,2023-11-17,3777240000
3494,2023-11-20,3644790000
3495,2023-11-21,3511080000
3496,2023-11-22,3042810000
3497,2023-11-24,1639500000
3498,2023-11-27,3403990000
3499,2023-11-28,3586240000
3500,2023-11-29,4418760000
3501,2023-11-30,5399300000
3502,2023-12-01,4397120000
3503,2023-12-04,4369910000
3504,2023-12-05,3909950000
3505,2023-12-06,4245680000
3506,2023-12-07,3818880000
3507,2023-12-08,3707010000
3508,2023-12-11,3823210000
3509,2023-12-12,3808380000
3510,2023-12-13,5063650000
3511,2023-12-14,6314040000
3512,2023-12-15,8218980000
3513,2023-12-18,4060340000
3514,2023-12-19,4026970000
3515,2023-12-20,4201320000
3516,2023-12-21,3431180000
3517,2023-12-22,3046770000
3518,2023-12-26,2513910000
3519,2023-12-27,2748450000
3520,2023-12-28,2698860000
3521,2023-12-29,3126060000
